MOIS,TYPE,DOMAINE,RECHERCHE VISEE,PAGE VISEE,ANCRE (semi-optimisee),PORTE D'ENTREE,"TEST THEMATIQUE (kw + position, releve 15/08/2026 DataForSEO FR)",STATUT
SEPTEMBRE 2026,Citation,appvizer.fr,erp agroalimentaire,/agroalimentaire/,"ancre imposee par la plateforme = nom de l'editeur, compte en CITATION (hors repartition d'ancres)",PAGE editeur : https://www.appvizer.fr/referencer-logiciel (fiche editeur),PASS - pos9 'logiciel erp' (vol 9900),A CONTACTER
SEPTEMBRE 2026,Citation,logiciels.pro,erp agroalimentaire,/agroalimentaire/,"ancre imposee par la plateforme = nom de l'editeur, compte en CITATION (hors repartition d'ancres)",LinkedIn : linkedin.com/company/logiciels-pro (+ page referencer un logiciel),PASS - pos1 'logiciel pro' ; pos10 'acd logiciel' (480),A CONTACTER
SEPTEMBRE 2026,Citation,celge.com,erp agroalimentaire,/agroalimentaire/,"ancre imposee par la plateforme = nom de l'editeur, compte en CITATION (hors repartition d'ancres)",PAGE editeur : https://celge.com/annonceurs/,"ECHEC test thematique (0 mot-cle top10 en FR) - citation ENGAGEE au plan audit, cf README",A CONTACTER (citation engagee)
SEPTEMBRE 2026,Citation,capterra.fr,logiciel gestion agroalimentaire,/agroalimentaire/,"ancre imposee par la plateforme = nom de l'editeur, compte en CITATION (hors repartition d'ancres)","BLOQUE ROBOT (vivant) - portail editeur Gartner Digital Markets, ouvrir a la main",PASS - pos1 'erp logiciel gratuit' (140) ; 511 kw top10 thematiques,A CONTACTER
SEPTEMBRE 2026,Citation,getapp.fr,logiciel gestion agroalimentaire,/agroalimentaire/,"ancre imposee par la plateforme = nom de l'editeur, compte en CITATION (hors repartition d'ancres)","BLOQUE ROBOT (vivant) - portail editeur Gartner Digital Markets, ouvrir a la main",PASS - pos1 'logiciel de montage de videos gratuit' (2400) ; 1023 kw top10,A CONTACTER
SEPTEMBRE 2026,Citation,tool-advisor.fr,logiciel erp agroalimentaire,/agroalimentaire/,"ancre imposee par la plateforme = nom de l'editeur, compte en CITATION (hors repartition d'ancres)",MAIL : hello@tool-advisor.fr,PASS - pos1 'logiciel de traitement de texte' (5400) ; 449 kw top10,A CONTACTER
SEPTEMBRE 2026,Citation,lebonlogiciel.com,erp agroalimentaire,/agroalimentaire/,"ancre imposee par la plateforme = nom de l'editeur, compte en CITATION (hors repartition d'ancres)",Formulaire : https://lebonlogiciel.com (contact),PASS - pos1 'erp baan' (170) ; pos3 'so-fa logiciel' (390),A CONTACTER
SEPTEMBRE 2026,Citation,app-fox.com,logiciel gestion agroalimentaire,/agroalimentaire/,"ancre imposee par la plateforme = nom de l'editeur, compte en CITATION (hors repartition d'ancres)",Formulaire : https://app-fox.com (contact),PASS - pos5 'jlogiciels facturation' (2900),A CONTACTER
SEPTEMBRE 2026,Citation,logicielfrance.com,logiciel erp agroalimentaire,/agroalimentaire/,"ancre imposee par la plateforme = nom de l'editeur, compte en CITATION (hors repartition d'ancres)",MAIL : logiciel@logicielfrance.com (form https://logicielfrance.com/contact/),PASS [LINK GAP infologic+archipelia] - pos1 'logiciel francais' (110) ; pos4 'erp copilote' (110),A CONTACTER
SEPTEMBRE 2026,Citation,comparateur-cpgi.fr,erp gestion agroalimentaire,/agroalimentaire/,"ancre imposee par la plateforme = nom de l'editeur, compte en CITATION (hors repartition d'ancres)",MAIL : contact@comparateur-cpgi.fr,PASS [LINK GAP infologic+archipelia] - pos6 'isagri logiciel' (110) ; pos5 'application et logiciel',A CONTACTER
SEPTEMBRE 2026,Citation,gs1.fr,tracabilite code-barres agroalimentaire,/agroalimentaire/,"ancre imposee par la plateforme = nom de l'editeur, compte en CITATION (hors repartition d'ancres)","Formulaire adherent : https://www.gs1.fr (INJOIGNABLE crawl, ouvrir a la main)",PASS - pos3 'code barre' (27100) ; pos1 'gs1 code barre' (590),A CONTACTER
SEPTEMBRE 2026,Citation,timcod.fr,tracabilite code-barres industrie,/agroalimentaire/,"ancre imposee par la plateforme = nom de l'editeur, compte en CITATION (hors repartition d'ancres)",Formulaire : https://www.timcod.fr/contact (mail contact@timcod.fr),PASS - pos6 'code barre' (27100) ; pos4 'pistolet code barre' (390),A CONTACTER
SEPTEMBRE 2026,Citation,francenum.gouv.fr,logiciel gestion tracabilite,/agroalimentaire/,"ancre imposee par la plateforme = nom de l'editeur, compte en CITATION (hors repartition d'ancres)",Formulaire : https://www.francenum.gouv.fr/contact (reseau activateurs),PASS - pos1 'gestion electronique des documents logiciel' (1300) ; 26 kw top10,A CONTACTER
SEPTEMBRE 2026,Article invite,agro-media.fr,erp agroalimentaire,/agroalimentaire/,une solution de gestion pensee pour l'industrie agroalimentaire,PAGE editeur : https://www.agro-media.fr/publicite,PASS - pos3 'agroalimentaire' (9900) ; pos1 'salon agroalimentaire 2026',A CONTACTER
SEPTEMBRE 2026,Blog SEO,voxlog.fr,erp logistique agroalimentaire,/agroalimentaire/pme-en-croissance/,un ERP qui pilote la supply chain des industriels de l'agroalimentaire,MAIL redaction : igazzola@voxlog.fr,PASS - pos1 'site logistique reau' (1600) ; 102 kw top10 (supply/logistique),A CONTACTER
SEPTEMBRE 2026,Blog SEO,blogistics.fr,erp logistique agroalimentaire,/agroalimentaire/pme-en-croissance/,un ERP pense pour la logistique des produits frais,Formulaire SEUL : https://blogistics.fr/contact/ (pas de relance possible),PASS - pos6 'sed logistique' (1900) ; pos1 'reflex logistique',A CONTACTER
OCTOBRE 2026,Citation,fict.fr,erp charcuterie salaison,/agroalimentaire/viande/,"ancre imposee par la plateforme = nom de l'editeur, compte en CITATION (hors repartition d'ancres)",PAGE editeur : https://www.fict.fr/inscription/,PASS - pos4 'charcutiers' (2400) ; pos4 'france charcuterie',A CONTACTER
OCTOBRE 2026,Citation,interfel.com,erp fruits et legumes,/agroalimentaire/maraicher/,"ancre imposee par la plateforme = nom de l'editeur, compte en CITATION (hors repartition d'ancres)",PAGE editeur : https://www.interfel.com/espace/inscription-autre/,PASS - pos8 'fruits et legumes' (8100) ; pos1 'interfel fruits et legumes',A CONTACTER
OCTOBRE 2026,Citation,ania.net,erp pme agroalimentaire,/agroalimentaire/pme-en-croissance/,"ancre imposee par la plateforme = nom de l'editeur, compte en CITATION (hors repartition d'ancres)",MAIL : infos@ania.net,PASS - pos2 'industries alimentaires' (3600) ; pos1 'association agroalimentaire' (880),A CONTACTER
OCTOBRE 2026,Citation,area-normandie.fr,erp agroalimentaire regional,/agroalimentaire/,"ancre imposee par la plateforme = nom de l'editeur, compte en CITATION (hors repartition d'ancres)",Annuaire membres - formulaire https://www.area-normandie.fr (ouvrir a la main),PASS - pos2 'entreprises agroalimentaires normandie' (70),A CONTACTER
OCTOBRE 2026,Citation,areaoccitanie.com,erp agroalimentaire regional,/agroalimentaire/,"ancre imposee par la plateforme = nom de l'editeur, compte en CITATION (hors repartition d'ancres)",MAIL : info@areaoccitanie.com,PASS - pos7 'entreprises agroalimentaire toulouse' (210),A CONTACTER
OCTOBRE 2026,Citation,ariasud.com,erp agroalimentaire regional,/agroalimentaire/,"ancre imposee par la plateforme = nom de l'editeur, compte en CITATION (hors repartition d'ancres)",MAIL : contact@ariasud.com,PASS (limite) - pos10 'entreprise agroalimentaire france' (90),A CONTACTER
OCTOBRE 2026,Citation,bretagne-supplychain.fr,erp supply chain agroalimentaire,/agroalimentaire/pme-en-croissance/,"ancre imposee par la plateforme = nom de l'editeur, compte en CITATION (hors repartition d'ancres)",Formulaire : https://www.bretagne-supplychain.fr/contact/,PASS - pos6 'supply chain metiers' (480) ; pos1 'bretagne supply chain',A CONTACTER
NOVEMBRE 2026,Article invite,processalimentaire.com,erp viande,/agroalimentaire/viande/,leur logiciel ERP pour les metiers de la viande et de la charcuterie,MAIL redaction : redaction@processalimentaire.com (form / LinkedIn Process Alimentaire),PASS - pos3 'magazine agroalimentaire' ; pos5 'code des usages de la charcuterie' ; pos8 abattoir volailles,A CONTACTER
NOVEMBRE 2026,Article invite,usinenouvelle.com,erp industrie agroalimentaire,/agroalimentaire/pme-en-croissance/,un ERP dedie aux industriels de l'agroalimentaire,"BLOQUE ROBOT (vivant) - redaction via LinkedIn L'Usine Nouvelle, ouvrir a la main",PASS - pos1 'agroalimentaire industriel' (3600) ; pos1 'agroalimentaire france entreprise',A CONTACTER
NOVEMBRE 2026,Blog SEO,lsa-conso.fr,erp pme agroalimentaire,/agroalimentaire/pme-en-croissance/,un ERP adapte aux PME de l'agroalimentaire,"BLOQUE ROBOT (vivant) - redaction via LinkedIn LSA, ouvrir a la main",PASS - pos3 'groupe agroalimentaire mondial' ; pos4 'actualites agroalimentaire',A CONTACTER
NOVEMBRE 2026,Citation,cfiaexpo.com,salon agroalimentaire,/agroalimentaire/,"ancre imposee par la plateforme = nom de l'editeur, compte en CITATION (hors repartition d'ancres)",LinkedIn : linkedin.com/company/cfia-expo (fiche exposant/partenaire),PASS - pos1 'salon agroalimentaire rennes' (70),A CONTACTER
NOVEMBRE 2026,Citation,sirha-bakeandsnack.com,salon boulangerie snacking,/agroalimentaire/,"ancre imposee par la plateforme = nom de l'editeur, compte en CITATION (hors repartition d'ancres)",MAIL RP : sirha-bakesnack@monet-rp.com,PASS - pos1 'salon de la boulangerie 2026' (170) ; 'bake and snack',A CONTACTER
OCTOBRE 2026,Citation client,jambonsoliveras.fr,erp charcutier,/agroalimentaire/viande/,clause de citation en pied de page a la signature (494 pages de navigation),Clause au contrat - pas d'outreach (INJOIGNABLE crawl),N/A (client citant) - rank pos1 sur ses propres produits 'jambon oliveras' etc.,A CONTACTER (clause)
NOVEMBRE 2026,Citation client,primfruit.fr,erp fruits et legumes,/agroalimentaire/maraicher/,clause de citation en pied de page a la signature (44 pages de navigation),Clause au contrat / mail primfruit@primfruit.fr,N/A (client citant) - rank pos2-3 'primeur fruit et legumes' (590) etc.,A CONTACTER (clause)
