source,target,type,code,match,hits,title
/business-plan-calculer-la-marge-commerciale-et-le-taux-de-marge/,/blog/calcul-du-prix-moyen/,url,301,url,0,"Business plan marge -> Calcul prix moyen"
/comprendre-la-tracabilite-en-agroalimentaire-methodes-et-avantages/,/blog/erp-tracabilite-agroalimentaire/,url,301,url,0,"Tracabilite methodes -> ERP tracabilite"
/demo/,/contact/,url,301,url,0,"Demo -> Contact"
/erp-agro-alimentaire/logiciel-gestion-des-stocks-agro-alimentaire/,/fonctionnalites/gestion-de-stock/,url,301,url,0,"Ancien logiciel stock -> Gestion de stock"
/erp-agroalimentaire/,/agroalimentaire/,url,301,url,0,"Ancien slug agroalimentaire"
/erp-production-optimisez-vos-processus-de-fabrication/,/fonctionnalites/fabrication/,url,301,url,0,"ERP production -> Fabrication"
/formation/,/contact/,url,301,url,0,"Formation -> Contact"
/gestion-de-comptabilite/,/fonctionnalites/facturation/,url,301,url,0,"Gestion compta -> Facturation"
/gestion-de-relation-client/,/fonctionnalites/crm/,url,301,url,0,"Gestion relation client -> CRM"
/gestion-de-stock/,/fonctionnalites/gestion-de-stock/,url,301,url,0,"Ancien gestion stock -> Nouveau"
/gestion-stocks/,/fonctionnalites/gestion-de-stock/,url,301,url,0,"Gestion stocks -> Gestion de stock"
/les-meilleurs-erp-de-gestion-de-stock-agroalimentaire-en-2024/,/fonctionnalites/gestion-de-stock/,url,301,url,0,"Meilleurs ERP stock 2024 -> Gestion de stock"
/logiciel-gestion-des-stocks-agro-alimentaire/,/fonctionnalites/gestion-de-stock/,url,301,url,0,"Logiciel gestion stocks agro -> Gestion de stock"
/logiciel-inventaire-guide-complet-pour-choisir-le-meilleur-en-2024/,/blog/gestion-des-inventaires/,url,301,url,0,"Guide inventaire 2024 -> Gestion inventaires"
/solutions/,/agroalimentaire/,url,301,url,0,"Solutions -> Agroalimentaire"
/roi-calculator/,/blog/roi-erp/,url,301,url,0,"ROI calculator -> ROI ERP"
/blog/gestion-stock-reelle,/blog/maitriser-la-gestion-des-stocks/,url,301,url,0,"Gestion stock reelle -> Maitriser stocks"
/blog/maitriser-numeros-lot-tracabilite,/blog/numeros-de-lot/,url,301,url,0,"Numeros lot tracabilite -> Numeros de lot"
/blog/calcul-prix-revient-pertes,/blog/cout-de-revient/,url,301,url,0,"Calcul prix revient -> Cout de revient"
/erp-cloud-vs-premise/,/blog/erp-cloud-saas-vs-on-premise/,url,301,url,0,"Cloud vs premise -> Article cloud SaaS"
/erp-pme/,/blog/erp-pme/,url,301,url,0,"ERP PME page -> Article ERP PME"
/erp-saas/,/blog/erp-saas/,url,301,url,0,"ERP SaaS page -> Article ERP SaaS"
/controle-qualite-agroalimentaire-le-guide-complet-pour-les-professionnels/,/blog/conformite-haccp/,url,301,url,0,"Controle qualite -> Conformite HACCP"
/guide-complet-sur-les-erp-system-saas-lequel-choisir/,/blog/erp-saas-cloud/,url,301,url,0,"Guide ERP SaaS -> Article ERP SaaS cloud"
/quel-erp-choisir-pour-une-pme-industrielle/,/blog/erp-pme/,url,301,url,0,"Quel ERP PME -> Article ERP PME"
/erp-qualite-agroalimentaire/,/blog/kpi-qualite-agroalimentaire/,url,301,url,0,"ERP qualite -> KPI qualite"
/erp-agro-alimentaire/production/,/fonctionnalites/fabrication/,url,301,url,0,"ERP agro production -> Fabrication"
/erp-agro-alimentaire/tracabilite/,/blog/erp-tracabilite-agroalimentaire/,url,301,url,0,"ERP agro tracabilite -> Article tracabilite"
/logiciel-maree-mareyeur/,/blog/logiciel-grossiste-alimentaire/,url,301,url,0,"Page maree -> Grossiste alimentaire (cible vivante)"
/blog/logiciel-maree-mareyeur/,/blog/logiciel-grossiste-alimentaire/,url,301,url,0,"Article maree 404 -> Grossiste alimentaire"
/negoce/boissons/,/negoce/,url,301,url,0,"Negoce boissons 404 -> Negoce"
