URL,Type,Modifications,Titre
https://www.helloharel.com/blog/agreage-agroalimentaire/,Mis à jour,BreadcrumbList (JSON-LD),Agréage Agroalimentaire • Contrôle & Qualité • Guide
https://www.helloharel.com/blog/alerte-date-peremption/,Mis à jour,BreadcrumbList (JSON-LD),Alerte Péremption • Automatisez Vos DLC • Zéro Perte
https://www.helloharel.com/blog/alerte-stock-securite/,Mis à jour,BreadcrumbList (JSON-LD),Alerte Stock • Seuils & Réappro Auto • Guide ERP
https://www.helloharel.com/blog/alternative-akanea-erp/,Mis à jour,BreadcrumbList (JSON-LD),Alternative Akanea • ERP Agro Plus Agile • Depuis 2014
https://www.helloharel.com/blog/alternative-archipelia/,Mis à jour,BreadcrumbList (JSON-LD),Alternative Archipelia • 100% Négoce Agro • Expert
https://www.helloharel.com/blog/alternative-cegid/,Mis à jour,BreadcrumbList (JSON-LD),Alternative Cegid • ERP Agro Agile & Accessible • PME
https://www.helloharel.com/blog/alternative-sage-erp/,Mis à jour,BreadcrumbList (JSON-LD),Alternative Sage • Spécialiste Négoce Agro • +200
https://www.helloharel.com/blog/alternative-vif-erp/,Mis à jour,BreadcrumbList (JSON-LD),Alternative VIF ERP • Négoce Plutôt Qu’Industrie • SaaS
https://www.helloharel.com/blog/alternatives-cegid-distribution-alimentaire/,Mis à jour,BreadcrumbList (JSON-LD),Alternatives à Cegid pour la Distribution Alimentaire • Cloud
https://www.helloharel.com/blog/alternatives-copilote-traiteur/,Mis à jour,BreadcrumbList (JSON-LD),Alternatives à Copilote pour les Traiteurs • ERP Cloud Agro
https://www.helloharel.com/blog/alternatives-divalto-agroalimentaire/,Mis à jour,BreadcrumbList (JSON-LD),Alternatives à Divalto pour les PME Agro • ERP Plus Agile
https://www.helloharel.com/blog/alternatives-odoo-agroalimentaire/,Mis à jour,BreadcrumbList (JSON-LD),Alternatives à Odoo pour l’Agroalimentaire • ERP Spécialisé PME
https://www.helloharel.com/blog/alternatives-sage-agroalimentaire/,Mis à jour,BreadcrumbList (JSON-LD),Alternatives à Sage pour l’Agroalimentaire • ERP Agro Spécialisé
https://www.helloharel.com/blog/alternatives-silog-agroalimentaire/,Mis à jour,BreadcrumbList (JSON-LD),Alternatives à Silog • ERP Traiteurs & Charcutiers • Cloud
https://www.helloharel.com/blog/bon-de-commande/,Mis à jour,BreadcrumbList (JSON-LD),Bon de Commande • Modèle & Gestion ERP • Guide 2026
https://www.helloharel.com/blog/bon-de-commande-traiteur/,Mis à jour,FAQ (FAQPage) + BreadcrumbList,Bon de Commande Traiteur • Modèle & Astuces • Guide
https://www.helloharel.com/blog/bon-de-livraison/,Mis à jour,BreadcrumbList (JSON-LD),Bon de Livraison • Modèle & Automatisation • Guide
https://www.helloharel.com/blog/calcul-cout-de-revient-logiciel/,Mis à jour,BreadcrumbList (JSON-LD),Coût de Revient Agro • Calcul & Logiciel ERP • Guide PME 2026
https://www.helloharel.com/blog/calcul-de-la-variation-de-stock-methode-cump-explications-et-exemples-2025/,Mis à jour,BreadcrumbList (JSON-LD),Variation Stock CUMP • Méthode & Exemples • Guide
https://www.helloharel.com/blog/calcul-du-cout-achat/,Mis à jour,FAQ (FAQPage) + BreadcrumbList,Coût d’Achat • Calcul & Frais d’Approche • Guide
https://www.helloharel.com/blog/calcul-du-prix-moyen/,Mis à jour,Section méthode/formule + FAQPage + BreadcrumbList,Prix Moyen Pondéré (PMP) • Calcul & Méthode • Guide
https://www.helloharel.com/blog/calcul-freinte-charcuterie-logiciel/,Mis à jour,BreadcrumbList (JSON-LD),Calcul freinte charcuterie : pilotage perte de séchage salaison au logiciel ERP
https://www.helloharel.com/blog/calcul-stock-de-securite/,Mis à jour,FAQ (FAQPage) + BreadcrumbList,Stock de Sécurité • Calcul & Formules • Guide Pratique
https://www.helloharel.com/blog/calcul-stock-moyen/,Mis à jour,FAQ (FAQPage) + BreadcrumbList,Calcul Stock Moyen • Méthode & Exemples • Outil Gratuit
https://www.helloharel.com/blog/calcul-variations-de-stock/,Mis à jour,FAQ (FAQPage) + BreadcrumbList,Variation de Stock • Calcul & Formules • Guide 2026
https://www.helloharel.com/blog/calculer-le-prix-de-revient-en-boulangerie/,Mis à jour,FAQ (FAQPage) + BreadcrumbList,Prix Revient Boulangerie • Calcul & Exercices • Guide
https://www.helloharel.com/blog/conditionnement-alimentaire-erp/,Mis à jour,BreadcrumbList (JSON-LD),Conditionnement Alimentaire • ERP & Traçabilité • Guide
https://www.helloharel.com/blog/conformite-haccp/,Mis à jour,BreadcrumbList (JSON-LD),Conformité HACCP • Logiciel & Automatisation • Guide
https://www.helloharel.com/blog/contraintes-reglementations-logiciel-agroalimentaire/,Mis à jour,FAQ (FAQPage) + BreadcrumbList,Réglementation Agro • Logiciel & Conformité • 2026
https://www.helloharel.com/blog/cout-de-revient/,Mis à jour,BreadcrumbList (JSON-LD),Coût de Revient • Calcul & Formules • Guide Expert
https://www.helloharel.com/blog/cout-marginal/,Mis à jour,BreadcrumbList (JSON-LD),Coût Marginal • Définition & Calcul • Guide Pratique
https://www.helloharel.com/blog/cout-prix-au-kilo/,Mis à jour,Section méthode/formule + FAQPage + BreadcrumbList,Prix au Kilo • Calcul & Conversion • Guide Rapide
https://www.helloharel.com/blog/couts-de-production/,Mis à jour,Section méthode/formule + FAQPage + BreadcrumbList,Coûts de Production • Calcul & Optimisation • Guide
https://www.helloharel.com/blog/cuisine-centrale/,Mis à jour,BreadcrumbList (JSON-LD),Cuisine Centrale • Logiciel & Gestion • Guide Complet
https://www.helloharel.com/blog/difference-prix-dachat-et-prix-de-revient/,Mis à jour,BreadcrumbList (JSON-LD),Prix d’Achat vs Prix de Revient • La Différence • Guide
https://www.helloharel.com/blog/dlc-ddm-dluo/,Mis à jour,BreadcrumbList (JSON-LD),"DLC, DDM & DLUO • Différences & Gestion • Guide 2026"
https://www.helloharel.com/blog/edi-logiciel-agroalimentaire/,Mis à jour,BreadcrumbList (JSON-LD),EDI logiciel agroalimentaire : échange de données informatisé & connexion grande distribution
https://www.helloharel.com/blog/enregistrement-comptable-variation-de-stock/,Mis à jour,BreadcrumbList (JSON-LD),Écriture Comptable Stock • Enregistrement • Guide
https://www.helloharel.com/blog/erp-agroalimentaire/,Mis à jour,BreadcrumbList (JSON-LD),Meilleur ERP Agroalimentaire • Comparatif PME • 2026
https://www.helloharel.com/blog/erp-as400/,Mis à jour,FAQ (FAQPage) + BreadcrumbList,Migration AS400 • Vers un ERP Moderne & SaaS • 2026
https://www.helloharel.com/blog/erp-boissons/,Mis à jour,Liens éditoriaux vers pages négoce (maillage) + BreadcrumbList,"ERP Boissons • Négoce, Accises & Consignes • Logiciel Spécialisé"
https://www.helloharel.com/blog/erp-cloud-saas-vs-on-premise/,Mis à jour,BreadcrumbList (JSON-LD),ERP Cloud vs On-Premise • Le Bon Choix PME • 2026
https://www.helloharel.com/blog/erp-conformite-agroalimentaire/,Mis à jour,BreadcrumbList (JSON-LD),Conformité Agro • ERP & Réglementation • HACCP 2026
https://www.helloharel.com/blog/erp-decoupe-viande-poisson/,Mis à jour,BreadcrumbList (JSON-LD),ERP Découpe • Viande & Poisson • Rendements Matière
https://www.helloharel.com/blog/erp-grossiste-distributeur/,Mis à jour,Liens éditoriaux vers pages négoce (maillage) + BreadcrumbList,ERP Grossiste • Distribution & Marges • Spécialiste
https://www.helloharel.com/blog/erp-pme/,Mis à jour,BreadcrumbList (JSON-LD),ERP Pour PME • Simple & Rentable • Guide Complet 2026
https://www.helloharel.com/blog/erp-saas/,Mis à jour,BreadcrumbList (JSON-LD),ERP SaaS • Avantages & Fonctionnalités • Guide 2026
https://www.helloharel.com/blog/erp-saas-cloud/,Mis à jour,BreadcrumbList (JSON-LD),ERP SaaS Cloud • Mobilité & Sécurité • Éditeur FR
https://www.helloharel.com/blog/erp-tracabilite-agroalimentaire/,Mis à jour,BreadcrumbList (JSON-LD),"Traçabilité Agro • Lots, DLC & Rappels • Depuis 2014"
https://www.helloharel.com/blog/erp-viande-volaille/,Mis à jour,BreadcrumbList (JSON-LD),ERP Viande & Volaille • Traçabilité & Poids Variable
https://www.helloharel.com/blog/factur-x-e-facturation-logiciel/,Mis à jour,BreadcrumbList (JSON-LD),Factur-X • E-Facturation Obligatoire 2026 • Guide PME Agro
https://www.helloharel.com/blog/facture-exacompta/,Mis à jour,FAQ (FAQPage) + BreadcrumbList,Facture Exacompta • Alternative Numérique • ERP Agro
https://www.helloharel.com/blog/facture-traiteur/,Mis à jour,FAQ (FAQPage) + BreadcrumbList,Facture Traiteur • Modèle & Mentions • Guide 2026
https://www.helloharel.com/blog/fifo-fefo-lifo/,Mis à jour,BreadcrumbList (JSON-LD),"FIFO, FEFO & LIFO • Méthodes de Stock • Guide 2026"
https://www.helloharel.com/blog/gestion-automatisee-des-variations-de-stock/,Mis à jour,BreadcrumbList (JSON-LD),Variation Stock Auto • ERP & Automatisation • Guide
https://www.helloharel.com/blog/gestion-decoupe-viande-logiciel/,Mis à jour,BreadcrumbList (JSON-LD),Gestion découpe viande au logiciel : rendement matière charcuterie & taux découpe porc
https://www.helloharel.com/blog/gestion-des-inventaires/,Mis à jour,BreadcrumbList (JSON-LD),Gestion des Inventaires • Méthode & Logiciel • Guide
https://www.helloharel.com/blog/gestion-stock-multi-entrepots/,Mis à jour,BreadcrumbList (JSON-LD),Gestion Stock Multi-Entrepôts • Inventaire Consolidé ERP
https://www.helloharel.com/blog/grille-tarifaire-negoce-alimentaire/,Produit (nouveau),Nouvel article négoce — Article + FAQPage + BreadcrumbList + liens money pages,"Grille tarifaire en négoce alimentaire : conditions clients, remises et tarifs"
https://www.helloharel.com/blog/hello-harel-vs-divalto/,Mis à jour,BreadcrumbList (JSON-LD),Hello Harel vs Divalto • Comparatif ERP Agroalimentaire 2026
https://www.helloharel.com/blog/hello-harel-vs-odoo/,Mis à jour,BreadcrumbList (JSON-LD),Hello Harel vs Odoo • ERP Spécialisé vs Généraliste 2026
https://www.helloharel.com/blog/hello-harel-vs-sage/,Mis à jour,BreadcrumbList (JSON-LD),Hello Harel vs Sage • PME Agro : Spécialisé vs Généraliste
https://www.helloharel.com/blog/hello-harel-vs-silog/,Mis à jour,BreadcrumbList (JSON-LD),Hello Harel vs Silog • Comparatif ERP Agro PME 2026
https://www.helloharel.com/blog/impact-de-la-variation-de-stock-sur-le-resultat-fiscal-explications-et-exemples-2025/,Mis à jour,BreadcrumbList (JSON-LD),Variation Stock & Résultat Fiscal • Impact • Guide
https://www.helloharel.com/blog/integrateur-erp-lyon/,Mis à jour,BreadcrumbList (JSON-LD),Intégrateur ERP Lyon • Agro & Négoce • Éditeur Direct
https://www.helloharel.com/blog/integrateur-erp-paris/,Mis à jour,BreadcrumbList (JSON-LD),Intégrateur ERP Paris • Agro & Négoce • Direct
https://www.helloharel.com/blog/kpi-qualite-agroalimentaire/,Mis à jour,BreadcrumbList (JSON-LD),KPI Qualité Agro • 7 Indicateurs Clés • Guide Expert
https://www.helloharel.com/blog/logiciel-calcul-cout-de-revient-traiteur/,Mis à jour,BreadcrumbList (JSON-LD),Logiciel calcul coût de revient traiteur
https://www.helloharel.com/blog/logiciel-commande-grande-surface-traiteur/,Mis à jour,BreadcrumbList (JSON-LD),Logiciel commande grande surface traiteur
https://www.helloharel.com/blog/logiciel-gestion-calibre-fruits-legumes/,Mis à jour,BreadcrumbList (JSON-LD),Logiciel gestion calibre fruits et légumes
https://www.helloharel.com/blog/logiciel-gestion-recette-multi-niveaux-traiteur/,Mis à jour,BreadcrumbList (JSON-LD),Logiciel gestion recette multi-niveaux traiteur
https://www.helloharel.com/blog/logiciel-grossiste-alimentaire/,Mis à jour,Liens éditoriaux vers pages négoce (maillage) + BreadcrumbList,Logiciel Grossiste Alimentaire • Marges & Télévente • ERP Métier
https://www.helloharel.com/blog/logiciel-grossiste-boissons-cave-maitrisez-vos-consignes-et-accises/,Mis à jour,BreadcrumbList (JSON-LD),Logiciel Boissons & Cave • Consignes & Accises • 2026
https://www.helloharel.com/blog/logiciel-maree-mareyeur/,Mis à jour,BreadcrumbList (JSON-LD),Logiciel Marée & Mareyeur • Rendements & Criée • 2026
https://www.helloharel.com/blog/logiciel-prix-du-jour-fruits-legumes/,Mis à jour,BreadcrumbList (JSON-LD),Logiciel prix du jour fruits et légumes
https://www.helloharel.com/blog/logiciel-televente-alimentaire/,Mis à jour,Liens éditoriaux vers pages négoce (maillage) + BreadcrumbList,Télévente Alimentaire • Logiciel Saisie Rapide • 50+ Cmd/Jour
https://www.helloharel.com/blog/logiciel-tracabilite-dlc-traiteur/,Mis à jour,BreadcrumbList (JSON-LD),Logiciel traçabilité DLC traiteur
https://www.helloharel.com/blog/maitriser-la-gestion-des-stocks/,Mis à jour,FAQ (FAQPage) + BreadcrumbList,Maîtriser Ses Stocks • 6 Exercices Corrigés • Guide
https://www.helloharel.com/blog/meilleurs-erp-boulangerie/,Mis à jour,BreadcrumbList (JSON-LD),Meilleurs ERP Boulangerie • Comparatif Complet • 2026
https://www.helloharel.com/blog/meilleurs-erp-gestion-approvisionnements/,Mis à jour,Liens éditoriaux vers pages négoce (maillage) + BreadcrumbList,ERP Approvisionnement • Supply Chain & MRP • 2026
https://www.helloharel.com/blog/meilleurs-erp-import-export/,Mis à jour,BreadcrumbList (JSON-LD),Meilleurs ERP Import-Export • Négoce International • 2026
https://www.helloharel.com/blog/meilleurs-erp-maraichers-fruits-legumes/,Mis à jour,BreadcrumbList (JSON-LD),Top 8 ERP Fruits & Légumes • Comparatif Expert • 2026
https://www.helloharel.com/blog/migration-erp-agroalimentaire/,Mis à jour,BreadcrumbList (JSON-LD),Migration ERP Agro • Sécurisée & Rapide • En 5 Jours
https://www.helloharel.com/blog/min/,Mis à jour,BreadcrumbList (JSON-LD),MIN • Marché d’Intérêt National • Guide & Logiciel
https://www.helloharel.com/blog/numeros-de-lot/,Mis à jour,FAQ (FAQPage) + BreadcrumbList,Numéros de Lot • Gestion & Traçabilité • Guide Pratique
https://www.helloharel.com/blog/opc-ua/,Mis à jour,BreadcrumbList (JSON-LD),OPC UA • Protocole Industriel & ERP • Guide Tech
https://www.helloharel.com/blog/optimisation-entrepot/,Mis à jour,FAQ (FAQPage) + BreadcrumbList,Optimisation Entrepôt • Logistique & ERP • Guide PME
https://www.helloharel.com/blog/ordonnancement-planification/,Mis à jour,FAQ (FAQPage) + BreadcrumbList,Ordonnancement • Planification & Production • Guide
https://www.helloharel.com/blog/ordre-de-fabrication/,Mis à jour,BreadcrumbList (JSON-LD),Ordre de Fabrication • Gestion & ERP • Guide Complet
https://www.helloharel.com/blog/partenariat-toncarton/,Mis à jour,BreadcrumbList (JSON-LD),Hello Harel x TonCarton • Partenariat Emballage • 2026
https://www.helloharel.com/blog/penalites-logistiques-gms/,Produit (nouveau),Nouvel article négoce — Article + FAQPage + BreadcrumbList + liens money pages,"Pénalités logistiques GMS : causes, calcul et prévention pour les fournisseurs"
https://www.helloharel.com/blog/plan-de-controle-alimentaire/,Mis à jour,BreadcrumbList (JSON-LD),Plan Contrôle Alimentaire • Méthode & Outils • 2026
https://www.helloharel.com/blog/prix-dachat-definition/,Mis à jour,BreadcrumbList (JSON-LD),Prix d’Achat • Définition & Calcul • Guide Comptable
https://www.helloharel.com/blog/processus-agroalimentaire-guide/,Mis à jour,BreadcrumbList (JSON-LD),Processus Agroalimentaire • Optimisation & ERP • Guide
https://www.helloharel.com/blog/reapprovisionnement-stocks/,Mis à jour,BreadcrumbList (JSON-LD),Réapprovisionnement • Méthodes & ERP • Guide 2026
https://www.helloharel.com/blog/relance-client/,Mis à jour,BreadcrumbList (JSON-LD),Relance Client • Automatisation & ERP • Guide Pratique
https://www.helloharel.com/blog/remplacer-excel-gestion-agroalimentaire/,Mis à jour,BreadcrumbList (JSON-LD),Remplacer Excel en Agroalimentaire • Guide Migration ERP PME
https://www.helloharel.com/blog/reporting-commercial-grossiste/,Produit (nouveau),Nouvel article négoce — Article + FAQPage + BreadcrumbList + liens money pages,"Reporting commercial pour grossistes : marges, tableaux de bord et pilotage"
https://www.helloharel.com/blog/roi-erp/,Mis à jour,BreadcrumbList (JSON-LD),ROI d’un ERP • Calcul & Résultats Concrets • Guide
https://www.helloharel.com/blog/tracabilite-de-la-viande/,Mis à jour,FAQ (FAQPage) + BreadcrumbList,Traçabilité Viande • Lots & Normes • Guide Complet
https://www.helloharel.com/blog/tracabilite-lot-dlc-logiciel/,Mis à jour,BreadcrumbList (JSON-LD),Traçabilité Lot & DLC • Logiciel de Suivi Réglementaire • Guide 2026
https://www.helloharel.com/blog/tracabilite-viande-logiciel/,Mis à jour,BreadcrumbList (JSON-LD),Traçabilité viande logiciel : suivi lot charcutier & numéro de lot réglementation
https://www.helloharel.com/blog/variation-de-stock-positif-negatif/,Mis à jour,BreadcrumbList (JSON-LD),Variation Stock + ou – • Impact & Analyse • Guide
