salon;edition_annee;entreprise;secteur_metier;site_web;email;type_email;email_origine;email_annuaire;email_site;email_site_source;nom_contact;fonction;ville;departement;telephone;source_url;date_collecte;statut_validation;segment_ICP
Medfel;2026;MEDIMAT;Fruits & légumes / négoce (Medfel);;;;;;;;;;;;;https://medfel.com/exposants/medimat/;2026-06-20;a_enrichir;Haute
Medfel;2026;TUNISUD;Fruits & légumes / négoce (Medfel);;;;;;;;;;;;;https://medfel.com/exposants/tunisud/;2026-06-20;a_enrichir;Haute
Medfel;2026;EMBALATGES GIRONA SL;Fruits & légumes / négoce (Medfel);;;;;;;;;;;;;https://medfel.com/exposants/embalatges-girona-sl/;2026-06-20;a_enrichir;Haute
Medfel;2026;EURL MAHMOUDI EXPORT;Fruits & légumes / négoce (Medfel);;;;;;;;;;;;;https://medfel.com/exposants/eurl-mahmoudi-export/;2026-06-20;a_enrichir;Haute
Medfel;2026;SARL NASRI TRADIN;Fruits & légumes / négoce (Medfel);;;;;;;;;;;;;https://medfel.com/exposants/gerant-de-la-salr-abd-elghani/;2026-06-20;a_enrichir;Haute
Medfel;2026;BENOIT ESCANDE EDITIONS SARL;Fruits & légumes / négoce (Medfel);;;;;;;;;;;;;https://medfel.com/exposants/benoit-escande-editions-sarl/;2026-06-20;a_enrichir;Haute
Medfel;2026;PEPINIERES IBANEZ;Fruits & légumes / négoce (Medfel);;;;;;;;;;;;;https://medfel.com/exposants/pepinieres-ibanez/;2026-06-20;a_enrichir;Haute
Medfel;2026;VEGETABLE;Fruits & légumes / négoce (Medfel);;;;;;;;;;;;;https://medfel.com/exposants/vegetable/;2026-06-20;a_enrichir;Haute
Medfel;2026;GHECHAM ISLEM – POMMES D’ALGÉRIE;Fruits & légumes / négoce (Medfel);;;;;;;;;;;;;https://medfel.com/exposants/production-de-pommes-islem/;2026-06-20;a_enrichir;Haute
Medfel;2026;FIMAT SPA GROUPE CARTONPACK;Fruits & légumes / négoce (Medfel);;;;;;;;;;;;;https://medfel.com/exposants/fimat-spa-groupe-cartonpack/;2026-06-20;a_enrichir;Haute
Medfel;2026;COMPAGNIE FRUITIERE;Fruits & légumes / négoce (Medfel);;;;;;;;;;;;;https://medfel.com/exposants/compagnie-fruitiere/;2026-06-20;a_enrichir;Haute
Medfel;2026;SUDESPA;Fruits & légumes / négoce (Medfel);;;;;;;;;;;;;https://medfel.com/exposants/sudespa/;2026-06-20;a_enrichir;Haute
Medfel;2026;Maison FERRIER-FRUIDOR Terroirs;Fruits & légumes / négoce (Medfel);;;;;;;;;;;;;https://medfel.com/exposants/maison-ferrier-fruidor-terroirs/;2026-06-20;a_enrichir;Haute
Medfel;2026;COMITE DE AGRICULTURA ECOLÓGICA DE LA CV;Fruits & légumes / négoce (Medfel);;;;;;;;;;;;;https://medfel.com/exposants/comite-de-agricultura-ecologica-de-la-cv/;2026-06-20;a_enrichir;Haute
Medfel;2026;RACAMIER;Fruits & légumes / négoce (Medfel);;;;;;;;;;;;;https://medfel.com/exposants/racamier/;2026-06-20;a_enrichir;Haute
Medfel;2026;AB SOLUTIONS;Fruits & légumes / négoce (Medfel);;;;;;;;;;;;;https://medfel.com/exposants/ab-solutions/;2026-06-20;a_enrichir;Haute
Medfel;2026;MSC MEDITERRANEAN SHIPPING COMPANY FRANCE;Fruits & légumes / négoce (Medfel);;;;;;;;;;;;;https://medfel.com/exposants/msc-mediterranean-shipping-company-france/;2026-06-20;a_enrichir;Haute
Medfel;2026;VIRYA ENERGY;Fruits & légumes / négoce (Medfel);;;;;;;;;;;;;https://medfel.com/exposants/virya-energy/;2026-06-20;a_enrichir;Haute
Medfel;2026;METRAL FRUITS;Fruits & légumes / négoce (Medfel);;;;;;;;;;;;;https://medfel.com/exposants/metral-fruits/;2026-06-20;a_enrichir;Haute
Medfel;2026;CERTIPAQ – L’ORGANISME CERTIFICATEUR ASSOCIATIF;Fruits & légumes / négoce (Medfel);;;;;;;;;;;;;https://medfel.com/exposants/certipaq-lorganisme-certificateur-associatif/;2026-06-20;a_enrichir;Haute
Medfel;2026;ROAM TECHNOLOGY;Fruits & légumes / négoce (Medfel);;;;;;;;;;;;;https://medfel.com/exposants/roam-technology/;2026-06-20;a_enrichir;Haute
Medfel;2026;EDENYS;Fruits & légumes / négoce (Medfel);;;;;;;;;;;;;https://medfel.com/exposants/edenys/;2026-06-20;a_enrichir;Haute
Medfel;2026;AUDIT ET GARANTIES;Fruits & légumes / négoce (Medfel);;;;;;;;;;;;;https://medfel.com/exposants/audit-et-garanties/;2026-06-20;a_enrichir;Haute
Medfel;2026;MYLORD;Fruits & légumes / négoce (Medfel);;;;;;;;;;;;;https://medfel.com/exposants/mylord/;2026-06-20;a_enrichir;Haute
Medfel;2026;PARMENTINE;Fruits & légumes / négoce (Medfel);;;;;;;;;;;;;https://medfel.com/exposants/parmentine/;2026-06-20;a_enrichir;Haute
Medfel;2026;LIMDOR & CASTANG;Fruits & légumes / négoce (Medfel);;;;;;;;;;;;;https://medfel.com/exposants/limdor-castang/;2026-06-20;a_enrichir;Haute
Medfel;2026;LE JARDIN DE RABELAIS;Fruits & légumes / négoce (Medfel);;;;;;;;;;;;;https://medfel.com/exposants/le-jardin-de-rabelais/;2026-06-20;a_enrichir;Haute
Medfel;2026;ACCES INDUSTRIE;Fruits & légumes / négoce (Medfel);;;;;;;;;;;;;https://medfel.com/exposants/acces-industrie/;2026-06-20;a_enrichir;Haute
Medfel;2026;POMLIBERTY;Fruits & légumes / négoce (Medfel);;;;;;;;;;;;;https://medfel.com/exposants/pomliberty/;2026-06-20;a_enrichir;Haute
Medfel;2026;ANEEFEL – Plaisir et Confiance;Fruits & légumes / négoce (Medfel);;;;;;;;;;;;;https://medfel.com/exposants/aneefel-plaisir-et-confiance/;2026-06-20;a_enrichir;Haute
Medfel;2026;Les Aulx du Sud Ouest – Sokod’Ail;Fruits & légumes / négoce (Medfel);;;;;;;;;;;;;https://medfel.com/exposants/les-aulx-du-sud-ouest-sokodail/;2026-06-20;a_enrichir;Haute
Medfel;2026;NECTAR SELECT;Fruits & légumes / négoce (Medfel);;;;;;;;;;;;;https://medfel.com/exposants/nectar-select/;2026-06-20;a_enrichir;Haute
Medfel;2026;Groupe EDF;Fruits & légumes / négoce (Medfel);;;;;;;;;;;;;https://medfel.com/exposants/edf-commerce-mediterranee/;2026-06-20;a_enrichir;Haute
Medfel;2026;NECTAPECHES;Fruits & légumes / négoce (Medfel);;;;;;;;;;;;;https://medfel.com/exposants/nectapeches/;2026-06-20;a_enrichir;Haute
Medfel;2026;MUTUELLE PRÉVIFRANCE;Fruits & légumes / négoce (Medfel);;;;;;;;;;;;;https://medfel.com/exposants/mutuelle-previfrance/;2026-06-20;a_enrichir;Haute
Medfel;2026;COLLECTIF NOUVEAUX CHAMPS;Fruits & légumes / négoce (Medfel);;;;;;;;;;;;;https://medfel.com/exposants/collectif-nouveaux-champs/;2026-06-20;a_enrichir;Haute
Medfel;2026;REDEN;Fruits & légumes / négoce (Medfel);;;;;;;;;;;;;https://medfel.com/exposants/reden/;2026-06-20;a_enrichir;Haute
Medfel;2026;UBBAK;Fruits & légumes / négoce (Medfel);;;;;;;;;;;;;https://medfel.com/exposants/ubbak/;2026-06-20;a_enrichir;Haute
Medfel;2026;QAIR FRANCE;Fruits & légumes / négoce (Medfel);;;;;;;;;;;;;https://medfel.com/exposants/qair-france/;2026-06-20;a_enrichir;Haute
Medfel;2026;FERME DE LA MOTTE;Fruits & légumes / négoce (Medfel);;;;;;;;;;;;;https://medfel.com/exposants/ferme-de-la-motte/;2026-06-20;a_enrichir;Haute
Medfel;2026;GRAND HOPITAL SARL;Fruits & légumes / négoce (Medfel);;;;;;;;;;;;;https://medfel.com/exposants/grand-hopital-sarl/;2026-06-20;a_enrichir;Haute
Medfel;2026;Hectre Group Limited;Fruits & légumes / négoce (Medfel);;;;;;;;;;;;;https://medfel.com/exposants/hectre-group-limited/;2026-06-20;a_enrichir;Haute
Medfel;2026;MASSAFERRO / ARTERRIS LEGUMES;Fruits & légumes / négoce (Medfel);;;;;;;;;;;;;https://medfel.com/exposants/massaferro-arterris-legume/;2026-06-20;a_enrichir;Haute
Medfel;2026;EL MOUKHTAR.CO;Fruits & légumes / négoce (Medfel);;;;;;;;;;;;;https://medfel.com/exposants/el-moukhtar-co/;2026-06-20;a_enrichir;Haute
Medfel;2026;SAINT REMY BASILIC;Fruits & légumes / négoce (Medfel);;;;;;;;;;;;;https://medfel.com/exposants/saint-remy-basilic/;2026-06-20;a_enrichir;Haute
Medfel;2026;SAS ESTAGEL Le Fruit d’Henri;Fruits & légumes / négoce (Medfel);;;;;;;;;;;;;https://medfel.com/exposants/sas-estagel-le-fruit-dhenri/;2026-06-20;a_enrichir;Haute
Medfel;2026;PICVERT;Fruits & légumes / négoce (Medfel);;;;;;;;;;;;;https://medfel.com/exposants/picvert/;2026-06-20;a_enrichir;Haute
Medfel;2026;DEMAIN LA TERRE;Fruits & légumes / négoce (Medfel);;;;;;;;;;;;;https://medfel.com/exposants/demain-la-terre/;2026-06-20;a_enrichir;Haute
Medfel;2026;GHIS-CAR FRUITS;Fruits & légumes / négoce (Medfel);;;;;;;;;;;;;https://medfel.com/exposants/ghis-car-fruits/;2026-06-20;a_enrichir;Haute
Medfel;2026;MESFRUITS;Fruits & légumes / négoce (Medfel);;;;;;;;;;;;;https://medfel.com/exposants/mesfruits-jmc-fruits/;2026-06-20;a_enrichir;Haute
Medfel;2026;EUROFINS;Fruits & légumes / négoce (Medfel);;;;;;;;;;;;;https://medfel.com/exposants/eurofins/;2026-06-20;a_enrichir;Haute
Medfel;2026;TILLEUL (SARL du);Fruits & légumes / négoce (Medfel);;;;;;;;;;;;;https://medfel.com/exposants/tilleul-sarl-du/;2026-06-20;a_enrichir;Haute
Medfel;2026;LE JARDIN DE MON PERE;Fruits & légumes / négoce (Medfel);;;;;;;;;;;;;https://medfel.com/exposants/le-jardin-de-mon-pere/;2026-06-20;a_enrichir;Haute
Medfel;2026;SAS PAUL HUOT LES JUMELLES;Fruits & légumes / négoce (Medfel);;;;;;;;;;;;;https://medfel.com/exposants/sas-paul-huot-les-jumelles/;2026-06-20;a_enrichir;Haute
Medfel;2026;NEABIO;Fruits & légumes / négoce (Medfel);;;;;;;;;;;;;https://medfel.com/exposants/neabio/;2026-06-20;a_enrichir;Haute
Medfel;2026;SARL LES FRUITS DU ROUSSILLON;Fruits & légumes / négoce (Medfel);;;;;;;;;;;;;https://medfel.com/exposants/sarl-les-fruits-du-roussillon/;2026-06-20;a_enrichir;Haute
Medfel;2026;ABRICOT DES BARONNIES IGP;Fruits & légumes / négoce (Medfel);;;;;;;;;;;;;https://medfel.com/exposants/abricot-des-baronnies-igp/;2026-06-20;a_enrichir;Haute
Medfel;2026;O’DELICE / CUADRASPANIA;Fruits & légumes / négoce (Medfel);;;;;;;;;;;;;https://medfel.com/exposants/odelice-cuadraspania/;2026-06-20;a_enrichir;Haute
Medfel;2026;DOMAINES DE LA TASTE;Fruits & légumes / négoce (Medfel);;;;;;;;;;;;;https://medfel.com/exposants/domaines-de-la-taste/;2026-06-20;a_enrichir;Haute
Medfel;2026;ANIMA IMPEX;Fruits & légumes / négoce (Medfel);;;;;;;;;;;;;https://medfel.com/exposants/anima-impex/;2026-06-20;a_enrichir;Haute
Medfel;2026;GADIRIA PRIMEURS;Fruits & légumes / négoce (Medfel);;;;;;;;;;;;;https://medfel.com/exposants/gadiria-primeurs/;2026-06-20;a_enrichir;Haute
Medfel;2026;FERMASYSTEM;Fruits & légumes / négoce (Medfel);;;;;;;;;;;;;https://medfel.com/exposants/fermasystem/;2026-06-20;a_enrichir;Haute
Medfel;2026;CAVARE PACKAGING;Fruits & légumes / négoce (Medfel);;;;;;;;;;;;;https://medfel.com/exposants/cavare-packaging/;2026-06-20;a_enrichir;Haute
Medfel;2026;SOFRUCE;Fruits & légumes / négoce (Medfel);;;;;;;;;;;;;https://medfel.com/exposants/sofruce/;2026-06-20;a_enrichir;Haute
Medfel;2026;SAS FRUITS 2000 ARDECHE;Fruits & légumes / négoce (Medfel);;;;;;;;;;;;;https://medfel.com/exposants/sas-fruits-2000-ardeche/;2026-06-20;a_enrichir;Haute
Medfel;2026;5T SAS;Fruits & légumes / négoce (Medfel);;;;;;;;;;;;;https://medfel.com/exposants/5t-sas/;2026-06-20;a_enrichir;Haute
Medfel;2026;KHALED KECHROUD;Fruits & légumes / négoce (Medfel);;;;;;;;;;;;;https://medfel.com/exposants/khaled-kechroud/;2026-06-20;a_enrichir;Haute
Medfel;2026;BIZERN le froid, la climatisation, la cuisine professionnelle;Fruits & légumes / négoce (Medfel);;;;;;;;;;;;;https://medfel.com/exposants/bizern-le-froid-la-climatisation-la-cuisine-professionnelle/;2026-06-20;a_enrichir;Haute
Medfel;2026;CREDIT AGRICOLE SUD MEDITERRANEE;Fruits & légumes / négoce (Medfel);;;;;;;;;;;;;https://medfel.com/exposants/credit-agricole-sud-mediterranee/;2026-06-20;a_enrichir;Haute
Medfel;2026;TOM SUD;Fruits & légumes / négoce (Medfel);;;;;;;;;;;;;https://medfel.com/exposants/tom-sud/;2026-06-20;a_enrichir;Haute
Medfel;2026;SELECTFOOD;Fruits & légumes / négoce (Medfel);;;;;;;;;;;;;https://medfel.com/exposants/selectfood/;2026-06-20;a_enrichir;Haute
Medfel;2026;ROSARIO;Fruits & légumes / négoce (Medfel);;;;;;;;;;;;;https://medfel.com/exposants/rosario/;2026-06-20;a_enrichir;Haute
Medfel;2026;PUJOL VERDAGUER;Fruits & légumes / négoce (Medfel);;;;;;;;;;;;;https://medfel.com/exposants/pujol-verdaguer/;2026-06-20;a_enrichir;Haute
Medfel;2026;PRIM SAVEURS;Fruits & légumes / négoce (Medfel);;;;;;;;;;;;;https://medfel.com/exposants/prim-saveurs/;2026-06-20;a_enrichir;Haute
Medfel;2026;PHILAFRANCE;Fruits & légumes / négoce (Medfel);;;;;;;;;;;;;https://medfel.com/exposants/philafrance/;2026-06-20;a_enrichir;Haute
Medfel;2026;NOLLA FRUITS;Fruits & légumes / négoce (Medfel);;;;;;;;;;;;;https://medfel.com/exposants/nolla-fruits/;2026-06-20;a_enrichir;Haute
Medfel;2026;DON RICARDO / NINO FRUITS;Fruits & légumes / négoce (Medfel);;;;;;;;;;;;;https://medfel.com/exposants/don-ricardo-nino-fruits/;2026-06-20;a_enrichir;Haute
Medfel;2026;MUGUI / DETERRA GLOBAL FRANCE;Fruits & légumes / négoce (Medfel);;;;;;;;;;;;;https://medfel.com/exposants/mugui-deterra-global-france/;2026-06-20;a_enrichir;Haute
Medfel;2026;MEDFRUITS;Fruits & légumes / négoce (Medfel);;;;;;;;;;;;;https://medfel.com/exposants/medfruits/;2026-06-20;a_enrichir;Haute
Medfel;2026;INDIANA IMPORT;Fruits & légumes / négoce (Medfel);;;;;;;;;;;;;https://medfel.com/exposants/indiana-import/;2026-06-20;a_enrichir;Haute
Medfel;2026;ESFRUIMAR;Fruits & légumes / négoce (Medfel);;;;;;;;;;;;;https://medfel.com/exposants/esfruimar/;2026-06-20;a_enrichir;Haute
Medfel;2026;DESTI-FRUITS;Fruits & légumes / négoce (Medfel);;;;;;;;;;;;;https://medfel.com/exposants/desti-fruits/;2026-06-20;a_enrichir;Haute
Medfel;2026;DELISOL;Fruits & légumes / négoce (Medfel);;;;;;;;;;;;;https://medfel.com/exposants/delisol/;2026-06-20;a_enrichir;Haute
Medfel;2026;DEIT ET FILS;Fruits & légumes / négoce (Medfel);;;;;;;;;;;;;https://medfel.com/exposants/deit-et-fils/;2026-06-20;a_enrichir;Haute
Medfel;2026;ARMOR PRIM – ENBATA;Fruits & légumes / négoce (Medfel);;;;;;;;;;;;;https://medfel.com/exposants/armor-prim-enbata/;2026-06-20;a_enrichir;Haute
Medfel;2026;ALROPRIM – BLASCO;Fruits & légumes / négoce (Medfel);;;;;;;;;;;;;https://medfel.com/exposants/alroprim-blasco/;2026-06-20;a_enrichir;Haute
Medfel;2026;AGRI MA INTERNATIONAL;Fruits & légumes / négoce (Medfel);;;;;;;;;;;;;https://medfel.com/exposants/agri-ma-international/;2026-06-20;a_enrichir;Haute
Medfel;2026;COMIFRUIT;Fruits & légumes / négoce (Medfel);;;;;;;;;;;;;https://medfel.com/exposants/comifruit/;2026-06-20;a_enrichir;Haute
Medfel;2026;RESTOS DU COEUR;Fruits & légumes / négoce (Medfel);;;;;;;;;;;;;https://medfel.com/exposants/restos-du-coeur/;2026-06-20;a_enrichir;Haute
Medfel;2026;NATURAL FRUIT FRANCE;Fruits & légumes / négoce (Medfel);;;;;;;;;;;;;https://medfel.com/exposants/natural-fruit-france/;2026-06-20;a_enrichir;Haute
Medfel;2026;ALMA BOUQUETS;Fruits & légumes / négoce (Medfel);;;;;;;;;;;;;https://medfel.com/exposants/alma-bouquets/;2026-06-20;a_enrichir;Haute
Medfel;2026;ILEX ENVIRONNEMENT;Fruits & légumes / négoce (Medfel);;;;;;;;;;;;;https://medfel.com/exposants/ilex-environnement/;2026-06-20;a_enrichir;Haute
Medfel;2026;GROUPE PRIMEVER;Fruits & légumes / négoce (Medfel);;;;;;;;;;;;;https://medfel.com/exposants/groupe-primever/;2026-06-20;a_enrichir;Haute
Medfel;2026;CONSORTIUM FRESH NATURE;Fruits & légumes / négoce (Medfel);;;;;;;;;;;;;https://medfel.com/exposants/consortium-fresh-nature/;2026-06-20;a_enrichir;Haute
Medfel;2026;HINOJOSA PACKAGING GROUP;Fruits & légumes / négoce (Medfel);;;;;;;;;;;;;https://medfel.com/exposants/hinojosa-packaging-group/;2026-06-20;a_enrichir;Haute
Medfel;2026;JIC FRANCE;Fruits & légumes / négoce (Medfel);;;;;;;;;;;;;https://medfel.com/exposants/jic-france/;2026-06-20;a_enrichir;Haute
Medfel;2026;FLOREN’SUD;Fruits & légumes / négoce (Medfel);;;;;;;;;;;;;https://medfel.com/exposants/florensud/;2026-06-20;a_enrichir;Haute
Medfel;2026;FRUTARIA INNOVATION;Fruits & légumes / négoce (Medfel);;;;;;;;;;;;;https://medfel.com/exposants/frutaria-innovation/;2026-06-20;a_enrichir;Haute
Medfel;2026;PLAINE DU ROUSSILLON;Fruits & légumes / négoce (Medfel);;;;;;;;;;;;;https://medfel.com/exposants/plaine-du-roussillon/;2026-06-20;a_enrichir;Haute
Medfel;2026;ALTERNEA;Fruits & légumes / négoce (Medfel);;;;;;;;;;;;;https://medfel.com/exposants/alternea/;2026-06-20;a_enrichir;Haute
Medfel;2026;QUERCY RÉFRIGÉRATION;Fruits & légumes / négoce (Medfel);;;;;;;;;;;;;https://medfel.com/exposants/quercy-refrigeration/;2026-06-20;a_enrichir;Haute
Medfel;2026;FERME DE FONTENAY (VAL LEGUMES SAS);Fruits & légumes / négoce (Medfel);;;;;;;;;;;;;https://medfel.com/exposants/ferme-de-fontenay-val-legumes-sas/;2026-06-20;a_enrichir;Haute
Medfel;2026;SAVEUR D’ANTAN – LAURIDAM;Fruits & légumes / négoce (Medfel);;;;;;;;;;;;;https://medfel.com/exposants/saveur-dantan-lauridam/;2026-06-20;a_enrichir;Haute
Medfel;2026;LES MARAICHERS DE LA VALLEE DES BAUX DE PROVENCE;Fruits & légumes / négoce (Medfel);;;;;;;;;;;;;https://medfel.com/exposants/les-maraichers-de-la-vallee-des-baux-de-provence/;2026-06-20;a_enrichir;Haute
Medfel;2026;PA SA GE INTERNATIONAL;Fruits & légumes / négoce (Medfel);;;;;;;;;;;;;https://medfel.com/exposants/pa-sa-ge-international/;2026-06-20;a_enrichir;Haute
Medfel;2026;MZ FRUITS ET LEGUMES;Fruits & légumes / négoce (Medfel);;;;;;;;;;;;;https://medfel.com/exposants/mz-fruits-et-legumes/;2026-06-20;a_enrichir;Haute
Medfel;2026;ARCO FRUITS;Fruits & légumes / négoce (Medfel);;;;;;;;;;;;;https://medfel.com/exposants/arco-fruits/;2026-06-20;a_enrichir;Haute
Medfel;2026;APRINFO AI;Fruits & légumes / négoce (Medfel);;;;;;;;;;;;;https://medfel.com/exposants/aprinfo-ai/;2026-06-20;a_enrichir;Haute
Medfel;2026;FRIGOREXPRESS Transports Internationaux;Fruits & légumes / négoce (Medfel);;;;;;;;;;;;;https://medfel.com/exposants/frigorexpress-transports-internationaux/;2026-06-20;a_enrichir;Haute
Medfel;2026;AKANEA;Fruits & légumes / négoce (Medfel);;;;;;;;;;;;;https://medfel.com/exposants/akanea/;2026-06-20;a_enrichir;Haute
Medfel;2026;SN COMPTOIR RHODANIEN / VILLE-VALNOIX;Fruits & légumes / négoce (Medfel);;;;;;;;;;;;;https://medfel.com/exposants/sn-comptoir-rhodanien-ville-valnoix/;2026-06-20;a_enrichir;Haute
Medfel;2026;COOPÉRATIVE ROUSSILLON LA TOUR;Fruits & légumes / négoce (Medfel);;;;;;;;;;;;;https://medfel.com/exposants/cooperative-roussillon-la-tour/;2026-06-20;a_enrichir;Haute
Medfel;2026;SORMAF;Fruits & légumes / négoce (Medfel);;;;;;;;;;;;;https://medfel.com/exposants/sormaf/;2026-06-20;a_enrichir;Haute
Medfel;2026;FESTIVAL;Fruits & légumes / négoce (Medfel);;;;;;;;;;;;;https://medfel.com/exposants/festival/;2026-06-20;a_enrichir;Haute
Medfel;2026;ALLIANZ TRADE;Fruits & légumes / négoce (Medfel);;;;;;;;;;;;;https://medfel.com/exposants/allianz-trade/;2026-06-20;a_enrichir;Haute
Medfel;2026;LES FRUITS DE PROVENCE;Fruits & légumes / négoce (Medfel);;;;;;;;;;;;;https://medfel.com/exposants/les-fruits-de-provence/;2026-06-20;a_enrichir;Haute
Medfel;2026;JOUFFRUIT;Fruits & légumes / négoce (Medfel);;;;;;;;;;;;;https://medfel.com/exposants/jouffruit/;2026-06-20;a_enrichir;Haute
Medfel;2026;FERME TY COZ;Fruits & légumes / négoce (Medfel);;;;;;;;;;;;;https://medfel.com/exposants/ferme-ty-coz/;2026-06-20;a_enrichir;Haute
Medfel;2026;GREYPE FRANCE;Fruits & légumes / négoce (Medfel);;;;;;;;;;;;;https://medfel.com/exposants/greype-france/;2026-06-20;a_enrichir;Haute
Medfel;2026;VITAFRESH DISTRIBUTION;Fruits & légumes / négoce (Medfel);;;;;;;;;;;;;https://medfel.com/exposants/vitafresh-distribution/;2026-06-20;a_enrichir;Haute
Medfel;2026;SAICA;Fruits & légumes / négoce (Medfel);;;;;;;;;;;;;https://medfel.com/exposants/saica/;2026-06-20;a_enrichir;Haute
Medfel;2026;LE VERGER BIO DE VERONIQUE;Fruits & légumes / négoce (Medfel);;;;;;;;;;;;;https://medfel.com/exposants/le-verger-bio-de-veronique/;2026-06-20;a_enrichir;Haute
Medfel;2026;ANECOOP FRANCE;Fruits & légumes / négoce (Medfel);;;;;;;;;;;;;https://medfel.com/exposants/anecoop-france/;2026-06-20;a_enrichir;Haute
Medfel;2026;SETOP;Fruits & légumes / négoce (Medfel);;;;;;;;;;;;;https://medfel.com/exposants/setop/;2026-06-20;a_enrichir;Haute
Medfel;2026;POMONA IMPORT TERRE AZUR;Fruits & légumes / négoce (Medfel);;;;;;;;;;;;;https://medfel.com/exposants/pomona-import-terre-azur/;2026-06-20;a_enrichir;Haute
Medfel;2026;LYMOUNA MATYSHA TOUTYBERRY;Fruits & légumes / négoce (Medfel);;;;;;;;;;;;;https://medfel.com/exposants/matysha-france/;2026-06-20;a_enrichir;Haute
Medfel;2026;COMPAGNIE MARITIME MARFRET;Fruits & légumes / négoce (Medfel);;;;;;;;;;;;;https://medfel.com/exposants/compagnie-maritime-marfret/;2026-06-20;a_enrichir;Haute
Medfel;2026;FRUITS ET COMPAGNIE;Fruits & légumes / négoce (Medfel);;;;;;;;;;;;;https://medfel.com/exposants/fruits-et-compagnie/;2026-06-20;a_enrichir;Haute
Medfel;2026;FRANCE FOOD;Fruits & légumes / négoce (Medfel);;;;;;;;;;;;;https://medfel.com/exposants/france-food/;2026-06-20;a_enrichir;Haute
Medfel;2026;CULTURE POM;Fruits & légumes / négoce (Medfel);;;;;;;;;;;;;https://medfel.com/exposants/culture-pom/;2026-06-20;a_enrichir;Haute
Medfel;2026;VIALADE CHAMPIGNONS;Fruits & légumes / négoce (Medfel);;;;;;;;;;;;;https://medfel.com/exposants/vialade-champignons/;2026-06-20;a_enrichir;Haute
Medfel;2026;VERGERS CANCEL;Fruits & légumes / négoce (Medfel);;;;;;;;;;;;;https://medfel.com/exposants/vergers-cancel/;2026-06-20;a_enrichir;Haute
Medfel;2026;DISMA INTERNATIONAL;Fruits & légumes / négoce (Medfel);;;;;;;;;;;;;https://medfel.com/exposants/disma-international/;2026-06-20;a_enrichir;Haute
Medfel;2026;ROYAL;Fruits & légumes / négoce (Medfel);;;;;;;;;;;;;https://medfel.com/exposants/royal/;2026-06-20;a_enrichir;Haute
Medfel;2026;PORT DE BARCELONA;Fruits & légumes / négoce (Medfel);;;;;;;;;;;;;https://medfel.com/exposants/port-de-barcelona/;2026-06-20;a_enrichir;Haute
Medfel;2026;FRUTAMINE;Fruits & légumes / négoce (Medfel);;;;;;;;;;;;;https://medfel.com/exposants/frutamine/;2026-06-20;a_enrichir;Haute
Medfel;2026;FORCE SUD;Fruits & légumes / négoce (Medfel);;;;;;;;;;;;;https://medfel.com/exposants/force-sud/;2026-06-20;a_enrichir;Haute
Medfel;2026;ALBAFRUIT SARL;Fruits & légumes / négoce (Medfel);;;;;;;;;;;;;https://medfel.com/exposants/albafruit-sarl/;2026-06-20;a_enrichir;Haute
Medfel;2026;FONTESTAD;Fruits & légumes / négoce (Medfel);;;;;;;;;;;;;https://medfel.com/exposants/fontestad/;2026-06-20;a_enrichir;Haute
Medfel;2026;FAUS DURA;Fruits & légumes / négoce (Medfel);;;;;;;;;;;;;https://medfel.com/exposants/faus-dura/;2026-06-20;a_enrichir;Haute
Medfel;2026;AGRUCORSE;Fruits & légumes / négoce (Medfel);;;;;;;;;;;;;https://medfel.com/exposants/agrucorse/;2026-06-20;a_enrichir;Haute
Medfel;2026;ETIQUETTES X2C;Fruits & légumes / négoce (Medfel);;;;;;;;;;;;;https://medfel.com/exposants/etiquettes-x2c/;2026-06-20;a_enrichir;Haute
Medfel;2026;EIE;Fruits & légumes / négoce (Medfel);;;;;;;;;;;;;https://medfel.com/exposants/eie/;2026-06-20;a_enrichir;Haute
Medfel;2026;DOMAINE DES COTEAUX;Fruits & légumes / négoce (Medfel);;;;;;;;;;;;;https://medfel.com/exposants/domaine-des-coteaux/;2026-06-20;a_enrichir;Haute
Medfel;2026;DEL SOL;Fruits & légumes / négoce (Medfel);;;;;;;;;;;;;https://medfel.com/exposants/del-sol/;2026-06-20;a_enrichir;Haute
Medfel;2026;COFRUID’OC MEDITERRANEE;Fruits & légumes / négoce (Medfel);;;;;;;;;;;;;https://medfel.com/exposants/cofruidoc-mediterranee/;2026-06-20;a_enrichir;Haute
Medfel;2026;AGRISPA;Fruits & légumes / négoce (Medfel);;;;;;;;;;;;;https://medfel.com/exposants/agrispa/;2026-06-20;a_enrichir;Haute
Medfel;2026;SAS COCCOLO;Fruits & légumes / négoce (Medfel);;;;;;;;;;;;;https://medfel.com/exposants/sas-coccolo/;2026-06-20;a_enrichir;Haute
Medfel;2026;CAUSTIER GROUPE MAF;Fruits & légumes / négoce (Medfel);;;;;;;;;;;;;https://medfel.com/exposants/caustier-groupe-maf/;2026-06-20;a_enrichir;Haute
Medfel;2026;GROUPE CARSO;Fruits & légumes / négoce (Medfel);;;;;;;;;;;;;https://medfel.com/exposants/groupe-carso/;2026-06-20;a_enrichir;Haute
Medfel;2026;CARDELL;Fruits & légumes / négoce (Medfel);;;;;;;;;;;;;https://medfel.com/exposants/cardell/;2026-06-20;a_enrichir;Haute
Medfel;2026;CAMILOR FRANCE INTERNATIONAL;Fruits & légumes / négoce (Medfel);;;;;;;;;;;;;https://medfel.com/exposants/camilor-france-international/;2026-06-20;a_enrichir;Haute
Medfel;2026;BUONANNO / SAN LUCAR;Fruits & légumes / négoce (Medfel);;;;;;;;;;;;;https://medfel.com/exposants/buonanno-san-lucar/;2026-06-20;a_enrichir;Haute
Medfel;2026;BANQUE POPULAIRE DU SUD;Fruits & légumes / négoce (Medfel);;;;;;;;;;;;;https://medfel.com/exposants/banque-populaire-du-sud/;2026-06-20;a_enrichir;Haute
Medfel;2026;ZORODDU;Fruits & légumes / négoce (Medfel);;;;;;;;;;;;;https://medfel.com/exposants/zoroddu/;2026-06-20;a_enrichir;Haute
Medfel;2026;VITA FRUITS;Fruits & légumes / négoce (Medfel);;;;;;;;;;;;;https://medfel.com/exposants/vita-fruits/;2026-06-20;a_enrichir;Haute
Medfel;2026;TOYOTA MATERIAL HANDLING;Fruits & légumes / négoce (Medfel);;;;;;;;;;;;;https://medfel.com/exposants/toyota-material-handling/;2026-06-20;a_enrichir;Haute
Medfel;2026;TOP FRUITS;Fruits & légumes / négoce (Medfel);;;;;;;;;;;;;https://medfel.com/exposants/top-fruits/;2026-06-20;a_enrichir;Haute
Medfel;2026;SAS theza-fruits et légumes;Fruits & légumes / négoce (Medfel);;;;;;;;;;;;;https://medfel.com/exposants/sas-theza-fruits-et-legumes/;2026-06-20;a_enrichir;Haute
Medfel;2026;MELON DE CAVAILLON;Fruits & légumes / négoce (Medfel);;;;;;;;;;;;;https://medfel.com/exposants/melon-de-cavaillon/;2026-06-20;a_enrichir;Haute
Medfel;2026;SUNCROPS;Fruits & légumes / négoce (Medfel);;;;;;;;;;;;;https://medfel.com/exposants/suncrops/;2026-06-20;a_enrichir;Haute
Medfel;2026;SPANFRUITS;Fruits & légumes / négoce (Medfel);;;;;;;;;;;;;https://medfel.com/exposants/spanfruits/;2026-06-20;a_enrichir;Haute
Medfel;2026;SOLEIL ROY INTERNATIONAL;Fruits & légumes / négoce (Medfel);;;;;;;;;;;;;https://medfel.com/exposants/soleil-roy-international/;2026-06-20;a_enrichir;Haute
Medfel;2026;SOLAGORA;Fruits & légumes / négoce (Medfel);;;;;;;;;;;;;https://medfel.com/exposants/solagora/;2026-06-20;a_enrichir;Haute
Medfel;2026;SOCIÉTÉ DE DISTRIBUTION FRUITIÈRE – SODIS FRANCE;Fruits & légumes / négoce (Medfel);;;;;;;;;;;;;https://medfel.com/exposants/societe-de-distribution-fruitiere-sodis-france/;2026-06-20;a_enrichir;Haute
Medfel;2026;SOCAFNA;Fruits & légumes / négoce (Medfel);;;;;;;;;;;;;https://medfel.com/exposants/socafna/;2026-06-20;a_enrichir;Haute
Medfel;2026;PERPIGNAN INTERNATIONAL SAINT-CHARLES;Fruits & légumes / négoce (Medfel);;;;;;;;;;;;;https://medfel.com/exposants/perpignan-international-saint-charles/;2026-06-20;a_enrichir;Haute
Medfel;2026;SAINT CHARLES PRIMEURS;Fruits & légumes / négoce (Medfel);;;;;;;;;;;;;https://medfel.com/exposants/saint-charles-primeurs/;2026-06-20;a_enrichir;Haute
Medfel;2026;Réart-Vallée / Spanfruits;Fruits & légumes / négoce (Medfel);;;;;;;;;;;;;https://medfel.com/exposants/reart-vallee-spanfruits/;2026-06-20;a_enrichir;Haute
Medfel;2026;PRIMSUD;Fruits & légumes / négoce (Medfel);;;;;;;;;;;;;https://medfel.com/exposants/primsud/;2026-06-20;a_enrichir;Haute
Medfel;2026;PRIMAFEL;Fruits & légumes / négoce (Medfel);;;;;;;;;;;;;https://medfel.com/exposants/primafel/;2026-06-20;a_enrichir;Haute
Medfel;2026;PORT DE PORT-VENDRES;Fruits & légumes / négoce (Medfel);;;;;;;;;;;;;https://medfel.com/exposants/port-de-port-vendres/;2026-06-20;a_enrichir;Haute
Medfel;2026;PLENETUDE INFORMATIQUE;Fruits & légumes / négoce (Medfel);;;;;;;;;;;;;https://medfel.com/exposants/plenetude-informatique/;2026-06-20;a_enrichir;Haute
Medfel;2026;PINTO;Fruits & légumes / négoce (Medfel);;;;;;;;;;;;;https://medfel.com/exposants/pinto/;2026-06-20;a_enrichir;Haute
Medfel;2026;AOP PÊCHES ET ABRICOTS DE FRANCE;Fruits & légumes / négoce (Medfel);;;;;;;;;;;;;https://medfel.com/exposants/aop-peches-et-abricots-de-france/;2026-06-20;a_enrichir;Haute
Medfel;2026;PAVIFRUITS;Fruits & légumes / négoce (Medfel);;;;;;;;;;;;;https://medfel.com/exposants/pavifruits/;2026-06-20;a_enrichir;Haute
Medfel;2026;MARQUILLANES;Fruits & légumes / négoce (Medfel);;;;;;;;;;;;;https://medfel.com/exposants/marquillanes/;2026-06-20;a_enrichir;Haute
Medfel;2026;MADNOOS;Fruits & légumes / négoce (Medfel);;;;;;;;;;;;;https://medfel.com/exposants/madnoos/;2026-06-20;a_enrichir;Haute
Medfel;2026;LES RUBIS DE LANSAC;Fruits & légumes / négoce (Medfel);;;;;;;;;;;;;https://medfel.com/exposants/les-rubis-de-lansac/;2026-06-20;a_enrichir;Haute
Medfel;2026;LABORATOIRE C.A.M.P.;Fruits & légumes / négoce (Medfel);;;;;;;;;;;;;https://medfel.com/exposants/laboratoire-c-a-m-p/;2026-06-20;a_enrichir;Haute
Medfel;2026;JMF PARTENARIAT;Fruits & légumes / négoce (Medfel);;;;;;;;;;;;;https://medfel.com/exposants/jmf-partenariat/;2026-06-20;a_enrichir;Haute
Medfel;2026;JARDINS DU ROUSSILLON;Fruits & légumes / négoce (Medfel);;;;;;;;;;;;;https://medfel.com/exposants/jardins-du-roussillon/;2026-06-20;a_enrichir;Haute
Medfel;2026;JH MESGUEN;Fruits & légumes / négoce (Medfel);;;;;;;;;;;;;https://medfel.com/exposants/jh-mesguen/;2026-06-20;a_enrichir;Haute
Medfel;2026;ALMA TRANSITAIRES;Fruits & légumes / négoce (Medfel);;;;;;;;;;;;;https://medfel.com/exposants/alma-transitaires/;2026-06-20;a_enrichir;Haute
Medfel;2026;GR LOGISTIQUE;Fruits & légumes / négoce (Medfel);;;;;;;;;;;;;https://medfel.com/exposants/gr-logistique/;2026-06-20;a_enrichir;Haute
Medfel;2026;GREEN PRODUCE;Fruits & légumes / négoce (Medfel);;;;;;;;;;;;;https://medfel.com/exposants/green-produce/;2026-06-20;a_enrichir;Haute
Medfel;2026;FRULEXXO;Fruits & légumes / négoce (Medfel);;;;;;;;;;;;;https://medfel.com/exposants/frulexxo/;2026-06-20;a_enrichir;Haute
Medfel;2026;CINATUR GROUP SL;Fruits & légumes / négoce (Medfel);;;;;;;;;;;;;https://medfel.com/exposants/cinatur-group-sl/;2026-06-20;a_enrichir;Haute
Medfel;2026;ARMAND FABRE;Fruits & légumes / négoce (Medfel);;;;;;;;;;;;;https://medfel.com/exposants/armand-fabre/;2026-06-20;a_enrichir;Haute
Medfel;2026;FRUITS ROUGES & CO;Fruits & légumes / négoce (Medfel);;;;;;;;;;;;;https://medfel.com/exposants/fruits-rouges-co/;2026-06-20;a_enrichir;Haute
Medfel;2026;PHYTOCONTROL;Fruits & légumes / négoce (Medfel);;;;;;;;;;;;;https://medfel.com/exposants/phytocontrol/;2026-06-20;a_enrichir;Haute
Medfel;2026;BIO & BIO;Fruits & légumes / négoce (Medfel);;;;;;;;;;;;;https://medfel.com/exposants/bio-bio/;2026-06-20;a_enrichir;Haute
Medfel;2026;AGRI COMMERCE;Fruits & légumes / négoce (Medfel);;;;;;;;;;;;;https://medfel.com/exposants/agri-commerce/;2026-06-20;a_enrichir;Haute
Medfel;2026;RÉGION OCCITANIE – AD’OCC;Fruits & légumes / négoce (Medfel);;;;;;;;;;;;;https://medfel.com/exposants/region-occitanie/;2026-06-20;a_enrichir;Haute
Medfel;2026;SAVEURS DES CLOS;Fruits & légumes / négoce (Medfel);;;;;;;;;;;;;https://medfel.com/exposants/saveurs-des-clos/;2026-06-20;a_enrichir;Haute
Medfel;2026;VIEUX POINTET;Fruits & légumes / négoce (Medfel);;;;;;;;;;;;;https://medfel.com/exposants/vieux-pointet/;2026-06-20;a_enrichir;Haute
Medfel;2026;URBASOLAR;Fruits & légumes / négoce (Medfel);;;;;;;;;;;;;https://medfel.com/exposants/urbasolar/;2026-06-20;a_enrichir;Haute
Medfel;2026;UNI-VERT;Fruits & légumes / négoce (Medfel);;;;;;;;;;;;;https://medfel.com/exposants/uni-vert/;2026-06-20;a_enrichir;Haute
Medfel;2026;ALTERBIO;Fruits & légumes / négoce (Medfel);;;;;;;;;;;;;https://medfel.com/exposants/alterbio-france/;2026-06-20;a_enrichir;Haute
Medfel;2026;INTERFEL;Fruits & légumes / négoce (Medfel);;;;;;;;;;;;;https://medfel.com/exposants/interfel/;2026-06-20;a_enrichir;Haute
Medfel;2026;GRAND MARCHÉ DE PROVENCE;Fruits & légumes / négoce (Medfel);;;;;;;;;;;;;https://medfel.com/exposants/grand-marche-de-provence/;2026-06-20;a_enrichir;Haute
Medfel;2026;LES PAYSANS DE ROUGELINE;Fruits & légumes / négoce (Medfel);;;;;;;;;;;;;https://medfel.com/exposants/les-paysans-de-rougeline/;2026-06-20;a_enrichir;Haute
Medfel;2026;UNITEC;Fruits & légumes / négoce (Medfel);;;;;;;;;;;;;https://medfel.com/exposants/unitec/;2026-06-20;a_enrichir;Haute
Medfel;2026;GHELFI ONDULATI;Fruits & légumes / négoce (Medfel);;;;;;;;;;;;;https://medfel.com/exposants/ghelfi-ondulati/;2026-06-20;a_enrichir;Haute
Medfel;2026;BARBERA INTERNATIONAL S.R.L.;Fruits & légumes / négoce (Medfel);;;;;;;;;;;;;https://medfel.com/exposants/barbera-international-s-r-l/;2026-06-20;a_enrichir;Haute
Medfel;2026;PSB PRODUCTION VEGETAL;Fruits & légumes / négoce (Medfel);;;;;;;;;;;;;https://medfel.com/exposants/psb-production-vegetal/;2026-06-20;a_enrichir;Haute
Medfel;2026;ULMA PACKAGING;Fruits & légumes / négoce (Medfel);;;;;;;;;;;;;https://medfel.com/exposants/ulma-packaging/;2026-06-20;a_enrichir;Haute
Medfel;2026;BLUE WHALE;Fruits & légumes / négoce (Medfel);;;;;;;;;;;;;https://medfel.com/exposants/blue-whale/;2026-06-20;a_enrichir;Haute
Medfel;2026;SOFRUPAK;Fruits & légumes / négoce (Medfel);;;;;;;;;;;;;https://medfel.com/exposants/sofrupak/;2026-06-20;a_enrichir;Haute
Medfel;2026;VERTO PRIM;Fruits & légumes / négoce (Medfel);;;;;;;;;;;;;https://medfel.com/exposants/verto-prim/;2026-06-20;a_enrichir;Haute
