URL,Requête cible,Ancien title,NOUVEAU title (≤561px),NOUVELLE description (≤985px),px title estimé,Impressions/90j
https://www.helloharel.com/blog/cout-prix-au-kilo/,prix au kilo,Prix Au Kilo • Calcul & Conversion • Guide Rapide ☁️,"Prix Au Kilo • Calcul, Conversion & Formule • Guide ☁️","Prix au kilo : formule de calcul, conversion et application aux produits à poids variable. Guide clair par Hello Harel, ERP agroalimentaire.",504,18851
https://www.helloharel.com/blog/prix-dachat-definition/,prix d'achat,Prix D'Achat • Définition & Calcul • Guide Comptable ☁️,"Prix D'Achat • Définition, Calcul & Formule • Guide ☁️","Prix d'achat : définition, formule de calcul et différence avec le coût de revient. Guide comptable par Hello Harel, éditeur ERP agro.",488,15065
https://www.helloharel.com/blog/min/,marché d'intérêt national,MIN • Marché D'Intérêt National • Guide & Logiciel ☁️,MIN • Marché D'Intérêt National • Guide & Logiciel ☁️,"Marché d'intérêt national (MIN) : rôle, fonctionnement et logiciel pour grossistes. Cadencier et saisie mobile. Guide par Hello Harel.",486,13249
https://www.helloharel.com/blog/erp-as400/,erp as400,Migration AS400 • Vers Un ERP Moderne & SaaS • 2026 ☁️,ERP AS400 • Migrer Vers Un ERP SaaS Moderne • Guide ☁️,"ERP AS400 en fin de vie ? Migrez vers un ERP SaaS moderne sans perdre vos données. Reprise sécurisée par Hello Harel, +200 migrations.",557,6515
https://www.helloharel.com/blog/numeros-de-lot/,numéros de lot,Numéros De Lot • Gestion & Traçabilité • Guide Pratique ☁️,Numéros De Lot • Gestion & Traçabilité • Guide ☁️,"Numéros de lot : attribution, suivi et rappel produit en agroalimentaire. Guide pratique et logiciel de traçabilité par Hello Harel.",459,5695
https://www.helloharel.com/blog/calcul-du-prix-moyen/,prix moyen pondéré,Prix Moyen Pondéré (PMP) • Calcul & Méthode • Guide ☁️,Prix Moyen Pondéré (PMP) • Calcul & Formule • Guide ☁️,"Prix moyen pondéré (PMP) : formule CUMP, exemples et automatisation ERP. Guide de valorisation de stock par Hello Harel, expert agro.",526,5407
https://www.helloharel.com/blog/erp-saas/,erp saas,ERP SaaS • Avantages & Fonctionnalités • Guide 2026 ☁️,"ERP SaaS • Avantages, Fonctionnalités & Prix • Guide ☁️","ERP SaaS : avantages pour les PME, coûts maîtrisés, mobilité et sécurité cloud. Guide complet par Hello Harel, éditeur SaaS agro.",519,4649
https://www.helloharel.com/blog/erp-pme/,erp pme,ERP Pour PME • Simple & Rentable • Guide Complet 2026 ☁️,ERP PME • Bien Choisir : Critères & Budget • Guide ☁️,"ERP pour PME : critères de choix, budget et erreurs à éviter. Guide comparatif par Hello Harel, éditeur spécialisé agroalimentaire.",501,2508
https://www.helloharel.com/comparatifs/meilleur-logiciel-facturation-grossiste-negoce-2026/,logiciel facturation grossiste,Meilleur Logiciel De Facturation Grossiste & Négoce 2026 — Hello Harel - Hello Harel,Logiciel Facturation Grossiste & Négoce • Comparatif 2026 ☁️,"Logiciel de facturation grossiste : comparatif 2026 de 9 solutions (Hello Harel, Pennylane, Sellsy, Sage...). Méthodo et critères.",560,
https://www.helloharel.com/comparatifs/meilleur-erp-negoce-distribution-alimentaire-2026/,erp négoce alimentaire,Meilleur ERP Négoce & Distribution Alimentaire 2026 — Hello Harel - Hello Harel,ERP Négoce Alimentaire • Distribution • Comparatif 2026 ☁️,"ERP négoce et distribution alimentaire : comparatif 2026 de 9 ERP pour PME (Hello Harel, VIF, Akanea, Cegid...). Méthodologie publiée.",547,
https://www.helloharel.com/comparatifs/meilleur-erp-charcuterie-salaison/,meilleur erp charcuterie,Meilleur ERP Charcuterie & Salaison : Comparatif 2026 - Hello Harel,Meilleur ERP Charcuterie & Salaison • Comparatif 2026 ☁️,"Meilleur ERP charcuterie et salaison : comparatif 2026 des solutions métier (freinte, séchage, traçabilité). Analyse par Hello Harel.",532,
https://www.helloharel.com/comparatifs/meilleur-erp-traiteur/,meilleur erp traiteur,Meilleur Logiciel & ERP Traiteur : Comparatif 2026 - Hello Harel,Meilleur ERP Traiteur • Comparatif Logiciels 2026 ☁️,"Meilleur ERP traiteur : comparatif 2026 des logiciels métier (recettes, coût par plat, événementiel). Analyse experte par Hello Harel.",490,
https://www.helloharel.com/comparatifs/,comparatifs erp,Comparatifs ERP — Hello Harel - Hello Harel,Comparatifs ERP Agroalimentaire • Par Métier • 2026 ☁️,"Comparatifs ERP agroalimentaire par verticale : charcuterie, traiteur, négoce, distribution. Sélection et méthodologie par Hello Harel.",525,
https://www.helloharel.com/fonctionnalites/planification-production-erp/,planification de production,"Planification De Production ERP — CBN, Ordonnancement, Lissage De Charge Atelier - Hello Harel",Planification De Production ERP • CBN & Ordonnancement ☁️,"Planification de production ERP : calcul des besoins (CBN), ordonnancement et lissage de charge atelier. Module agroalimentaire Hello Harel.",549,
https://www.helloharel.com/fonctionnalites/gestion-rendement-matiere-logiciel/,gestion du rendement matière,Gestion Du Rendement Matière — Logiciel Taux De Transformation Agroalimentaire - Hello Harel,Gestion Du Rendement Matière • Logiciel Agroalimentaire ☁️,"Gestion du rendement matière : suivi du taux de transformation, pertes et freintes en temps réel. Logiciel agroalimentaire Hello Harel.",548,
https://www.helloharel.com/fonctionnalites/logiciel-devis-commande-bon-livraison/,logiciel devis commande,Logiciel Devis Commande Bon De Livraison — Cycle Commercial ERP Grossiste - Hello Harel,Logiciel Devis Commande & Bon De Livraison • ERP ☁️,"Logiciel devis, commande et bon de livraison : cycle commercial complet pour grossistes. ERP agroalimentaire Hello Harel, saisie rapide.",499,
https://www.helloharel.com/fonctionnalites/gestion-consigne-bouteille-logiciel/,gestion consigne bouteille,Gestion De La Consigne Bouteille — Logiciel Suivi Consigne Boissons Négoce - Hello Harel,Gestion Consigne Bouteille • Logiciel Boissons & Négoce ☁️,"Gestion de la consigne bouteille : suivi des consignes, retours et soldes par client. Logiciel boissons et négoce Hello Harel.",535,
https://www.helloharel.com/fonctionnalites/facturation-automatique-bon-livraison/,facturation automatique,Facturation Automatique Depuis BL — Génération Facture ERP Grossiste - Hello Harel,Facturation Automatique Depuis BL • ERP Grossiste ☁️,"Facturation automatique depuis les bons de livraison : génération groupée des factures, zéro ressaisie. ERP grossiste Hello Harel.",499,
https://www.helloharel.com/fonctionnalites/tracabilite-alimentaire/,traçabilité alimentaire,Logiciel De Traçabilité Alimentaire - Hello Harel,"Traçabilité Alimentaire • Logiciel Lots, DLC & Rappels ☁️","Traçabilité alimentaire : suivi ascendant/descendant des lots, DLC et rappels produits. Logiciel conforme IFS par Hello Harel.",518,
https://www.helloharel.com/agroalimentaire/negoce-alimentaire/,erp négoce alimentaire,"Logiciel & ERP Négoce Alimentaire | Distribution, Grossiste, Import-Export - Hello Harel",Logiciel & ERP Négoce Alimentaire • Grossiste & Import ☁️,"Logiciel négoce alimentaire : distribution, grossiste et import-export. Poids variable, marges et DLC. ERP métier par Hello Harel.",531,
https://www.helloharel.com/agroalimentaire/poissonnier/,erp poissonnerie,Logiciel & ERP Poissonnerie & Mareyage | Traçabilité & Poids Variable - Hello Harel,Logiciel & ERP Poissonnerie • Mareyage & Poids Variable ☁️,"Logiciel poissonnerie et mareyage : criée, poids variable, traçabilité du poisson, DLC et marges. ERP métier par Hello Harel.",553,
https://www.helloharel.com/agroalimentaire/glacier/,erp glacier,"Logiciel & ERP Glacier | Recettes, Chaîne Du Froid & Coût De Revient - Hello Harel",Logiciel & ERP Glacier • Recettes & Coût De Revient ☁️,"Logiciel glacier : recettes, chaîne du froid, coût de revient et traçabilité. ERP métier pour glaciers artisans par Hello Harel.",495,
https://www.helloharel.com/agroalimentaire/chocolatier/,erp chocolaterie,"Logiciel & ERP Chocolaterie | Recettes, Coût De Revient & Production - Hello Harel",Logiciel & ERP Chocolaterie • Recettes & Production ☁️,"Logiciel chocolaterie : recettes, coût de revient, production et traçabilité. ERP métier pour chocolatiers par Hello Harel.",500,
https://www.helloharel.com/agroalimentaire/fromager/,erp fromagerie,"Logiciel & ERP Fromagerie | Affinage, Traçabilité & Coût De Revient - Hello Harel",Logiciel & ERP Fromagerie • Affinage & Traçabilité ☁️,"Logiciel fromagerie : coût de revient, affinage, DLC, traçabilité et étiquetage INCO. ERP métier pour fromagers par Hello Harel.",490,
https://www.helloharel.com/agroalimentaire/conserverie/,erp conserverie,Logiciel & ERP Conserverie | Artisanale & Industrielle · Traçabilité - Hello Harel,Logiciel & ERP Conserverie • Artisanale & Industrielle ☁️,"Logiciel conserverie artisanale et industrielle : recettes, DLUO, lots et traçabilité. ERP métier par Hello Harel.",519,
https://www.helloharel.com/agroalimentaire/torrefacteur/,erp torréfaction,"Logiciel & ERP Torréfaction | Café · Lots, Profils & Traçabilité - Hello Harel","Logiciel & ERP Torréfaction • Café, Lots & Profils ☁️","Logiciel torréfaction café : lots, profils de torréfaction, coût de revient et traçabilité. ERP métier pour torréfacteurs Hello Harel.",477,
https://www.helloharel.com/agroalimentaire/brasseur/,erp brasserie,"Logiciel & ERP Brasserie | Recettes, Brassins & Traçabilité - Hello Harel",Logiciel & ERP Brasserie • Recettes & Brassins ☁️,"Logiciel brasserie : recettes, brassins, stocks et traçabilité. ERP métier pour brasseurs et micro-brasseries par Hello Harel.",463,
https://www.helloharel.com/agroalimentaire/patissier/,erp pâtisserie,Logiciel & ERP Pâtisserie | Prix De Revient & Rentabilité - Hello Harel,Logiciel & ERP Pâtisserie • Prix De Revient & Marge ☁️,"Logiciel pâtisserie : coût de revient au gramme, rentabilité par recette, DLC et étiquetage INCO. ERP métier par Hello Harel.",504,
https://www.helloharel.com/blog/edi-logiciel-agroalimentaire/,edi agroalimentaire,EDI Logiciel Agroalimentaire : échange De Données Informatisé & Connexion Grande Distribution - Hello Harel,EDI Agroalimentaire • Logiciel & Connexion GMS • Guide ☁️,EDI agroalimentaire : échange de données informatisé et connexion à la grande distribution. Guide et logiciel EDI par Hello Harel.,543,
https://www.helloharel.com/blog/gestion-decoupe-viande-logiciel/,logiciel découpe viande,Gestion Découpe Viande Au Logiciel : Rendement Matière Charcuterie & Taux Découpe Porc - Hello Harel,Logiciel Découpe Viande • Rendement & Taux Découpe ☁️,"Logiciel découpe viande : rendement matière charcuterie, taux de découpe porc et coût réel. Solution métier par Hello Harel.",518,
https://www.helloharel.com/blog/tracabilite-viande-logiciel/,traçabilité viande,Traçabilité Viande Logiciel : Suivi Lot Charcutier & Numéro De Lot Réglementation - Hello Harel,Traçabilité Viande • Logiciel Suivi Lot & Numéro Lot ☁️,"Traçabilité viande : suivi de lot charcutier, numéros de lot et réglementation. Logiciel de traçabilité filière viande Hello Harel.",500,
https://www.helloharel.com/blog/penalites-logistiques-gms/,pénalités logistiques gms,"Pénalités Logistiques GMS : Causes, Calcul Et Prévention Pour Les Fournisseurs - Hello Harel","Pénalités Logistiques GMS • Causes, Calcul & Prévention ☁️","Pénalités logistiques GMS : causes, mode de calcul et prévention pour les fournisseurs. Guide et logiciel EDI par Hello Harel.",543,
https://www.helloharel.com/blog/calcul-freinte-charcuterie-logiciel/,calcul freinte charcuterie,Calcul Freinte Charcuterie : Pilotage Perte De Séchage Salaison Au Logiciel ERP - Hello Harel,Calcul Freinte Charcuterie • Perte De Séchage • Logiciel ☁️,Calcul de la freinte en charcuterie : pilotage de la perte de séchage en salaison au logiciel. Guide et ERP métier par Hello Harel.,551,
https://www.helloharel.com/blog/reporting-commercial-grossiste/,reporting commercial grossiste,"Reporting Commercial Pour Grossistes : Marges, Tableaux De Bord Et Pilotage - Hello Harel",Reporting Commercial Grossiste • Marges & Pilotage ☁️,"Reporting commercial pour grossistes : marges, tableaux de bord et pilotage des ventes. Guide et ERP métier par Hello Harel.",509,
https://www.helloharel.com/blog/grille-tarifaire-negoce-alimentaire/,grille tarifaire négoce alimentaire,"Grille Tarifaire En Négoce Alimentaire : Conditions Clients, Remises Et Tarifs - Hello Harel",Grille Tarifaire Négoce Alimentaire • Remises & Tarifs ☁️,"Grille tarifaire en négoce alimentaire : conditions clients, remises et tarifs par palier. Guide et logiciel de gestion Hello Harel.",524,
https://www.helloharel.com/blog/logiciel-grossiste-alimentaire/,logiciel grossiste alimentaire,Logiciel Grossiste Alimentaire • Marges & Télévente • ERP Métier - Hello Harel,Logiciel Grossiste Alimentaire • Marges & Télévente ☁️,"Logiciel grossiste alimentaire : marges, poids variable, télévente et logistique. ERP métier conçu par un ancien grossiste, Hello Harel.",504,
https://www.helloharel.com/blog/logiciel-maree-mareyeur/,logiciel marée,Logiciel Grossiste Alimentaire • Marges & Télévente • ERP Métier - Hello Harel,"Logiciel Marée & Mareyeur • Criée, Poids & Marges ☁️","Logiciel marée pour mareyeurs : achats en criée, poids variable, DLC courtes et marges. ERP métier de la filière poisson Hello Harel.",504,
https://www.helloharel.com/blog/logiciel-televente-alimentaire/,logiciel télévente alimentaire,Télévente Alimentaire • Logiciel Saisie Rapide • 50+ Cmd/Jour - Hello Harel,Logiciel Télévente Alimentaire • Saisie Rapide • Guide ☁️,"Logiciel télévente alimentaire : saisie rapide de commandes, cadencier client et 50+ commandes/jour. ERP métier par Hello Harel.",523,
https://www.helloharel.com/blog/factur-x-e-facturation-logiciel/,factur-x,Factur-X • E-Facturation Obligatoire 2026 • Guide PME Agro - Hello Harel,Factur-X • E-Facturation Obligatoire 2026 • Guide PME ☁️,"Factur-X et e-facturation obligatoire 2026 : format, calendrier et logiciel conforme pour PME agroalimentaires. Guide par Hello Harel.",540,
https://www.helloharel.com/blog/calcul-cout-de-revient-logiciel/,calcul coût de revient,Coût De Revient Agro • Calcul & Logiciel ERP • Guide PME 2026 - Hello Harel,Calcul Coût De Revient • Logiciel Agroalimentaire • Guide ☁️,"Calcul du coût de revient en agroalimentaire : matières, pertes et main-d'œuvre. Guide et logiciel de calcul par Hello Harel.",551,
https://www.helloharel.com/blog/remplacer-excel-gestion-agroalimentaire/,remplacer excel,Remplacer Excel En Agroalimentaire • Guide Migration ERP PME - Hello Harel,Remplacer Excel En Agroalimentaire • Migration ERP ☁️,"Remplacer Excel en agroalimentaire : limites, risques et migration vers un ERP métier. Guide pratique PME par Hello Harel.",516,
https://www.helloharel.com/blog/tracabilite-lot-dlc-logiciel/,traçabilité lot,Traçabilité Lot & DLC • Logiciel De Suivi Réglementaire • Guide 2026 - Hello Harel,Traçabilité Lot & DLC • Logiciel De Suivi • Guide 2026 ☁️,"Traçabilité lot et DLC : suivi réglementaire, rotation FEFO et rappels produits. Logiciel de traçabilité par Hello Harel.",522,
https://www.helloharel.com/blog/alternatives-sage-agroalimentaire/,alternative sage agroalimentaire,Alternatives à Sage Pour L'Agroalimentaire • ERP Agro Spécialisé - Hello Harel,Alternative Sage Agroalimentaire • ERP Spécialisé PME ☁️,"Alternative à Sage pour l'agroalimentaire : ERP spécialisé PME avec poids variable, DLC et marges natives. Comparatif par Hello Harel.",537,
https://www.helloharel.com/blog/alternatives-odoo-agroalimentaire/,alternative odoo agroalimentaire,Alternatives à Odoo Pour L'Agroalimentaire • ERP Spécialisé PME - Hello Harel,Alternative Odoo Agroalimentaire • ERP Métier PME ☁️,"Alternative à Odoo pour l'agroalimentaire : ERP métier prêt à l'emploi, sans intégrateur. Comparatif factuel par Hello Harel.",504,
https://www.helloharel.com/blog/alternatives-divalto-agroalimentaire/,alternative divalto agroalimentaire,Alternatives à Divalto Pour Les PME Agro • ERP Plus Agile - Hello Harel,Alternative Divalto Agroalimentaire • ERP PME Agile ☁️,"Alternative à Divalto pour les PME agro : ERP métier plus agile, déployé sans intégrateur. Comparatif factuel par Hello Harel.",506,
https://www.helloharel.com/blog/alternatives-silog-agroalimentaire/,alternative silog,Alternatives à Silog • ERP Traiteurs & Charcutiers • Cloud - Hello Harel,Alternative Silog • ERP Cloud Traiteur & Charcutier ☁️,Alternative à Silog pour l'agroalimentaire : ERP cloud pour traiteurs et charcutiers. Comparatif factuel par Hello Harel.,498,
https://www.helloharel.com/blog/alternatives-cegid-distribution-alimentaire/,alternative cegid distribution alimentaire,Alternatives à Cegid Pour La Distribution Alimentaire • Cloud - Hello Harel,Alternative Cegid Distribution Alimentaire • ERP Cloud ☁️,"Alternative à Cegid pour la distribution alimentaire : ERP cloud spécialisé négoce, déployé en 5 jours. Comparatif par Hello Harel.",518,
https://www.helloharel.com/blog/alternatives-copilote-traiteur/,alternative copilote traiteur,Alternatives à Copilote Pour Les Traiteurs • ERP Cloud Agro - Hello Harel,Alternative Copilote Traiteur • ERP Cloud Agro ☁️,"Alternative à Copilote pour les traiteurs : ERP cloud métier (recettes, coût par plat, événementiel). Comparatif par Hello Harel.",455,
https://www.helloharel.com/blog/hello-harel-vs-divalto/,hello harel vs divalto,Hello Harel Vs Divalto • Comparatif ERP Agroalimentaire 2026 - Hello Harel,Hello Harel Vs Divalto • Comparatif ERP Agro 2026 ☁️,"Hello Harel vs Divalto : comparatif ERP agroalimentaire 2026, forces, prix et déploiement. Analyse factuelle par Hello Harel.",491,
https://www.helloharel.com/blog/hello-harel-vs-sage/,hello harel vs sage,Hello Harel Vs Sage • PME Agro : Spécialisé Vs Généraliste - Hello Harel,Hello Harel Vs Sage • Spécialisé Vs Généraliste • 2026 ☁️,"Hello Harel vs Sage : ERP agro spécialisé face au généraliste. Poids variable, DLC et marges comparés. Analyse par Hello Harel.",532,
https://www.helloharel.com/blog/hello-harel-vs-odoo/,hello harel vs odoo,Hello Harel Vs Odoo • ERP Spécialisé Vs Généraliste 2026 - Hello Harel,Hello Harel Vs Odoo • ERP Spécialisé Vs Généraliste ☁️,Hello Harel vs Odoo : ERP agro métier face au généraliste modulaire. Comparatif 2026 factuel des deux solutions par Hello Harel.,507,
https://www.helloharel.com/blog/hello-harel-vs-silog/,hello harel vs silog,Hello Harel Vs Silog • Comparatif ERP Agro PME 2026 - Hello Harel,Hello Harel Vs Silog • Comparatif ERP Agro PME 2026 ☁️,"Hello Harel vs Silog : comparatif ERP agroalimentaire PME 2026, agilité, prix et déploiement. Analyse factuelle par Hello Harel.",523,
https://www.helloharel.com/blog/erp-agroalimentaire/,erp agroalimentaire,Meilleur ERP Agroalimentaire • Comparatif PME • 2026 ☁️,ERP Agroalimentaire • Comparatif PME 2026 • Guide ☁️,"ERP agroalimentaire : comparatif 2026, critères HACCP, prix et traçabilité. Guide expert et outil de sélection par Hello Harel.",513,
https://www.helloharel.com/blog/cout-de-revient/,coût de revient,Coût De Revient • Calcul & Formules • Guide Expert ☁️,"Coût De Revient • Calcul, Formule & Exemples • Guide ☁️","Coût de revient : formules, exemples et calcul automatisé par un ERP. Guide expert des marges agroalimentaires par Hello Harel.",519,
https://www.helloharel.com/blog/meilleurs-erp-maraichers-fruits-legumes/,erp fruits et légumes,Top 8 ERP Fruits & Légumes • Comparatif Expert • 2026 ☁️,ERP Fruits Et Légumes • Top 8 Comparatif 2026 ☁️,"ERP fruits et légumes : comparatif des 8 meilleures solutions maraîchers et grossistes. Poids variable et cadencier, par Hello Harel.",467,
https://www.helloharel.com/blog/meilleurs-erp-boulangerie/,meilleur erp boulangerie,Meilleurs ERP Boulangerie • Comparatif Complet • 2026 ☁️,Meilleur ERP Boulangerie • Comparatif Complet • 2026 ☁️,Meilleur ERP boulangerie : comparatif des solutions pour boulangeries et pâtisseries industrielles. Recettes et coût de revient.,530,
https://www.helloharel.com/blog/erp-grossiste-distributeur/,erp grossiste,ERP Grossiste • Distribution & Marges • Spécialiste ☁️,"ERP Grossiste • Distribution, Marges & Poids Variable ☁️","ERP grossiste : gestion des marges, poids variable, stocks et logistique. Solution conçue par un ancien professionnel, Hello Harel.",522,
https://www.helloharel.com/blog/conformite-haccp/,conformité haccp,Conformité HACCP • Logiciel & Automatisation • Guide ☁️,Conformité HACCP • Logiciel & Automatisation • Guide ☁️,"Conformité HACCP : points de contrôle, alertes et documentation automatisés par un ERP. Guide par Hello Harel, spécialiste agro.",518,
https://www.helloharel.com/blog/erp-saas-cloud/,erp saas cloud,ERP SaaS Cloud • Mobilité & Sécurité • Éditeur FR ☁️,ERP SaaS Cloud • Mobilité & Sécurité • Éditeur FR ☁️,"ERP SaaS cloud : accessibilité mobile, sauvegardes et mises à jour incluses. Éditeur français hébergé en cloud sécurisé, Hello Harel.",491,
https://www.helloharel.com/blog/logiciel-calcul-cout-de-revient-traiteur/,logiciel coût de revient traiteur,Logiciel Calcul Coût De Revient Traiteur - Hello Harel,Logiciel Coût De Revient Traiteur • Marge Par Plat ☁️,"Logiciel de coût de revient traiteur : marge nette par plat, pertes et freintes, hausses fournisseurs propagées. ERP par Hello Harel.",491,
